exchange,market,timestamp,date,funding_rate,funding_rate_pct,funding_rate_annualized_pct,periods_per_day
Hyperliquid,ETH,2026-05-18T06:00:00.055000+00:00,2026-05-18,2.0569e-06,0.00020569000000000002,1.801845401025223,24.000013333340743
Hyperliquid,ETH,2026-05-18T07:00:00.056000+00:00,2026-05-18,3.094e-06,0.0003094,2.710345505747503,24.000013333340743
Orderly,PERP_ETH_USDC,2026-05-18T08:00:00+00:00,2026-05-18,9.902e-05,0.009902,10.84269,3.0
Hyperliquid,ETH,2026-05-18T08:00:00.006000+00:00,2026-05-18,7.329e-07,7.329e-05,0.6420207566781982,24.000013333340743
Hyperliquid,ETH,2026-05-18T09:00:00.014000+00:00,2026-05-18,-8.5436e-06,-0.0008543600000000001,-7.484197757887645,24.000013333340743
Hyperliquid,ETH,2026-05-18T10:00:00.046000+00:00,2026-05-18,-1.7584e-06,-0.00017584,-1.5403592557551422,24.000013333340743
Hyperliquid,ETH,2026-05-18T11:00:00.036000+00:00,2026-05-18,4.354e-07,4.354e-05,0.3814106118947844,24.000013333340743
Hyperliquid,ETH,2026-05-18T12:00:00.049000+00:00,2026-05-18,1.4487e-06,0.00014487,1.2690619050343919,24.000013333340743
Hyperliquid,ETH,2026-05-18T13:00:00.017000+00:00,2026-05-18,7.4091e-06,0.00074091,6.490375205764004,24.000013333340743
Hyperliquid,ETH,2026-05-18T14:00:00.012000+00:00,2026-05-18,8.8824e-06,0.00088824,7.780986722770401,24.000013333340743
Hyperliquid,ETH,2026-05-18T15:00:00.010000+00:00,2026-05-18,7.1492e-06,0.00071492,6.262702679279267,24.000013333340743
Orderly,PERP_ETH_USDC,2026-05-18T16:00:00+00:00,2026-05-18,9.967e-05,0.009967,10.913865000000001,3.0
Hyperliquid,ETH,2026-05-18T16:00:00.018000+00:00,2026-05-18,1.20392e-05,0.00120392,10.54634505908059,24.000013333340743
Hyperliquid,ETH,2026-05-18T17:00:00.058000+00:00,2026-05-18,1.10726e-05,0.0011072599999999999,9.699602988668328,24.000013333340743
Hyperliquid,ETH,2026-05-18T18:00:00.004000+00:00,2026-05-18,1.25e-05,0.00125,10.950006083336715,24.000013333340743
Hyperliquid,ETH,2026-05-18T19:00:00.025000+00:00,2026-05-18,8.3722e-06,0.00083722,7.33405127447293,24.000013333340743
Hyperliquid,ETH,2026-05-18T20:00:00.028000+00:00,2026-05-18,1.25e-05,0.00125,10.950006083336715,24.000013333340743
Hyperliquid,ETH,2026-05-18T21:00:00.056000+00:00,2026-05-18,1.25e-05,0.00125,10.950006083336715,24.000013333340743
Hyperliquid,ETH,2026-05-18T22:00:00.030000+00:00,2026-05-18,1.25e-05,0.00125,10.950006083336715,24.000013333340743
Hyperliquid,ETH,2026-05-18T23:00:00.051000+00:00,2026-05-18,1.25e-05,0.00125,10.950006083336715,24.000013333340743
Orderly,PERP_ETH_USDC,2026-05-19T00:00:00+00:00,2026-05-19,9.861e-05,0.009861,10.797795,3.0
Hyperliquid,ETH,2026-05-19T00:00:00.076000+00:00,2026-05-19,1.25e-05,0.00125,10.950006083336715,24.000013333340743
Hyperliquid,ETH,2026-05-19T01:00:00.068000+00:00,2026-05-19,1.25e-05,0.00125,10.950006083336715,24.000013333340743
Hyperliquid,ETH,2026-05-19T02:00:00.015000+00:00,2026-05-19,1.25e-05,0.00125,10.950006083336715,24.000013333340743
Hyperliquid,ETH,2026-05-19T03:00:00.011000+00:00,2026-05-19,1.25e-05,0.00125,10.950006083336715,24.000013333340743
Hyperliquid,ETH,2026-05-19T04:00:00.005000+00:00,2026-05-19,1.25e-05,0.00125,10.950006083336715,24.000013333340743
Hyperliquid,ETH,2026-05-19T05:00:00.006000+00:00,2026-05-19,1.25e-05,0.00125,10.950006083336715,24.000013333340743
Hyperliquid,ETH,2026-05-19T06:00:00.005000+00:00,2026-05-19,1.25e-05,0.00125,10.950006083336715,24.000013333340743
Hyperliquid,ETH,2026-05-19T07:00:00.011000+00:00,2026-05-19,1.25e-05,0.00125,10.950006083336715,24.000013333340743
Orderly,PERP_ETH_USDC,2026-05-19T08:00:00+00:00,2026-05-19,0.00011678,0.011678000000000001,12.78741,3.0
Hyperliquid,ETH,2026-05-19T08:00:00.002000+00:00,2026-05-19,1.25e-05,0.00125,10.950006083336715,24.000013333340743
Hyperliquid,ETH,2026-05-19T09:00:00.038000+00:00,2026-05-19,1.25e-05,0.00125,10.950006083336715,24.000013333340743
Hyperliquid,ETH,2026-05-19T10:00:00.119000+00:00,2026-05-19,4.2471e-06,0.00042471,3.7204616669231494,24.000013333340743
Hyperliquid,ETH,2026-05-19T11:00:00.046000+00:00,2026-05-19,1.25e-05,0.00125,10.950006083336715,24.000013333340743
Hyperliquid,ETH,2026-05-19T12:00:00.006000+00:00,2026-05-19,1.25e-05,0.00125,10.950006083336715,24.000013333340743
Hyperliquid,ETH,2026-05-19T13:00:00.004000+00:00,2026-05-19,1.23483e-05,0.00123483,10.817116809509338,24.000013333340743
Hyperliquid,ETH,2026-05-19T14:00:00.046000+00:00,2026-05-19,1.25e-05,0.00125,10.950006083336715,24.000013333340743
Hyperliquid,ETH,2026-05-19T15:00:00.024000+00:00,2026-05-19,1.25e-05,0.00125,10.950006083336715,24.000013333340743
Orderly,PERP_ETH_USDC,2026-05-19T16:00:00+00:00,2026-05-19,9.953e-05,0.009953,10.898535,3.0
Hyperliquid,ETH,2026-05-19T16:00:00.021000+00:00,2026-05-19,1.25e-05,0.00125,10.950006083336715,24.000013333340743
Hyperliquid,ETH,2026-05-19T17:00:00.012000+00:00,2026-05-19,1.25e-05,0.00125,10.950006083336715,24.000013333340743
Hyperliquid,ETH,2026-05-19T18:00:00.033000+00:00,2026-05-19,1.25e-05,0.00125,10.950006083336715,24.000013333340743
Hyperliquid,ETH,2026-05-19T19:00:00.016000+00:00,2026-05-19,1.25e-05,0.00125,10.950006083336715,24.000013333340743
Hyperliquid,ETH,2026-05-19T20:00:00.064000+00:00,2026-05-19,1.25e-05,0.00125,10.950006083336715,24.000013333340743
Hyperliquid,ETH,2026-05-19T21:00:00.051000+00:00,2026-05-19,1.25e-05,0.00125,10.950006083336715,24.000013333340743
Hyperliquid,ETH,2026-05-19T22:00:00.037000+00:00,2026-05-19,1.25e-05,0.00125,10.950006083336715,24.000013333340743
Hyperliquid,ETH,2026-05-19T23:00:00.001000+00:00,2026-05-19,1.25e-05,0.00125,10.950006083336715,24.000013333340743
Orderly,PERP_ETH_USDC,2026-05-20T00:00:00+00:00,2026-05-20,9.945e-05,0.009945,10.889775,3.0
Hyperliquid,ETH,2026-05-20T00:00:00.009000+00:00,2026-05-20,1.25e-05,0.00125,10.950006083336715,24.000013333340743
Hyperliquid,ETH,2026-05-20T01:00:00.030000+00:00,2026-05-20,1.25e-05,0.00125,10.950006083336715,24.000013333340743
Hyperliquid,ETH,2026-05-20T02:00:00.030000+00:00,2026-05-20,1.25e-05,0.00125,10.950006083336715,24.000013333340743
Hyperliquid,ETH,2026-05-20T03:00:00.073000+00:00,2026-05-20,1.03237e-05,0.0010323700000000001,9.04356622420346,24.000013333340743
Hyperliquid,ETH,2026-05-20T04:00:00.039000+00:00,2026-05-20,9.4957e-06,0.00094957,8.318237821243233,24.000013333340743
Hyperliquid,ETH,2026-05-20T05:00:00.020000+00:00,2026-05-20,1.25e-05,0.00125,10.950006083336715,24.000013333340743
Hyperliquid,ETH,2026-05-20T06:00:00.034000+00:00,2026-05-20,1.25e-05,0.00125,10.950006083336715,24.000013333340743
Hyperliquid,ETH,2026-05-20T07:00:00.054000+00:00,2026-05-20,1.25e-05,0.00125,10.950006083336715,24.000013333340743
Orderly,PERP_ETH_USDC,2026-05-20T08:00:00+00:00,2026-05-20,9.864e-05,0.009864000000000001,10.80108,3.0
Hyperliquid,ETH,2026-05-20T08:00:00.081000+00:00,2026-05-20,1.25e-05,0.00125,10.950006083336715,24.000013333340743
Hyperliquid,ETH,2026-05-20T09:00:00.011000+00:00,2026-05-20,1.25e-05,0.00125,10.950006083336715,24.000013333340743
Hyperliquid,ETH,2026-05-20T10:00:00.027000+00:00,2026-05-20,1.25e-05,0.00125,10.950006083336715,24.000013333340743
Hyperliquid,ETH,2026-05-20T11:00:00.044000+00:00,2026-05-20,1.25e-05,0.00125,10.950006083336715,24.000013333340743
Hyperliquid,ETH,2026-05-20T12:00:00.039000+00:00,2026-05-20,1.25e-05,0.00125,10.950006083336715,24.000013333340743
Hyperliquid,ETH,2026-05-20T13:00:00.022000+00:00,2026-05-20,1.25e-05,0.00125,10.950006083336715,24.000013333340743
Hyperliquid,ETH,2026-05-20T14:00:00.022000+00:00,2026-05-20,1.25e-05,0.00125,10.950006083336715,24.000013333340743
Hyperliquid,ETH,2026-05-20T15:00:00.052000+00:00,2026-05-20,1.25e-05,0.00125,10.950006083336715,24.000013333340743
Orderly,PERP_ETH_USDC,2026-05-20T16:00:00+00:00,2026-05-20,9.831e-05,0.009831,10.764944999999999,3.0
Hyperliquid,ETH,2026-05-20T16:00:00.041000+00:00,2026-05-20,1.25e-05,0.00125,10.950006083336715,24.000013333340743
Hyperliquid,ETH,2026-05-20T17:00:00.014000+00:00,2026-05-20,1.25e-05,0.00125,10.950006083336715,24.000013333340743
Hyperliquid,ETH,2026-05-20T18:00:00.030000+00:00,2026-05-20,1.25e-05,0.00125,10.950006083336715,24.000013333340743
Hyperliquid,ETH,2026-05-20T19:00:00.047000+00:00,2026-05-20,1.25e-05,0.00125,10.950006083336715,24.000013333340743
Hyperliquid,ETH,2026-05-20T20:00:00.014000+00:00,2026-05-20,1.25e-05,0.00125,10.950006083336715,24.000013333340743
Hyperliquid,ETH,2026-05-20T21:00:00.054000+00:00,2026-05-20,1.25e-05,0.00125,10.950006083336715,24.000013333340743
Hyperliquid,ETH,2026-05-20T22:00:00.084000+00:00,2026-05-20,1.25e-05,0.00125,10.950006083336715,24.000013333340743
Hyperliquid,ETH,2026-05-20T23:00:00.041000+00:00,2026-05-20,1.25e-05,0.00125,10.950006083336715,24.000013333340743
Orderly,PERP_ETH_USDC,2026-05-21T00:00:00+00:00,2026-05-21,0.00012681,0.012680999999999998,13.885694999999998,3.0
Hyperliquid,ETH,2026-05-21T00:00:00.086000+00:00,2026-05-21,1.25e-05,0.00125,10.950006083336715,24.000013333340743
Hyperliquid,ETH,2026-05-21T01:00:00+00:00,2026-05-21,1.25e-05,0.00125,10.950006083336715,24.000013333340743
Hyperliquid,ETH,2026-05-21T02:00:00.020000+00:00,2026-05-21,1.25e-05,0.00125,10.950006083336715,24.000013333340743
Hyperliquid,ETH,2026-05-21T03:00:00.062000+00:00,2026-05-21,1.25e-05,0.00125,10.950006083336715,24.000013333340743
Hyperliquid,ETH,2026-05-21T04:00:00.053000+00:00,2026-05-21,1.25e-05,0.00125,10.950006083336715,24.000013333340743
Hyperliquid,ETH,2026-05-21T05:00:00.042000+00:00,2026-05-21,1.25e-05,0.00125,10.950006083336715,24.000013333340743
Hyperliquid,ETH,2026-05-21T06:00:00.049000+00:00,2026-05-21,1.25e-05,0.00125,10.950006083336715,24.000013333340743
Hyperliquid,ETH,2026-05-21T07:00:00.047000+00:00,2026-05-21,1.25e-05,0.00125,10.950006083336715,24.000013333340743
Orderly,PERP_ETH_USDC,2026-05-21T08:00:00+00:00,2026-05-21,9.837e-05,0.009837,10.771514999999999,3.0
Hyperliquid,ETH,2026-05-21T08:00:00.055000+00:00,2026-05-21,1.25e-05,0.00125,10.950006083336715,24.000013333340743
Hyperliquid,ETH,2026-05-21T09:00:00.023000+00:00,2026-05-21,1.25e-05,0.00125,10.950006083336715,24.000013333340743
Hyperliquid,ETH,2026-05-21T10:00:00.064000+00:00,2026-05-21,1.25e-05,0.00125,10.950006083336715,24.000013333340743
Hyperliquid,ETH,2026-05-21T11:00:00.033000+00:00,2026-05-21,1.25e-05,0.00125,10.950006083336715,24.000013333340743
Hyperliquid,ETH,2026-05-21T12:00:00.034000+00:00,2026-05-21,1.25e-05,0.00125,10.950006083336715,24.000013333340743
Hyperliquid,ETH,2026-05-21T13:00:00.045000+00:00,2026-05-21,6.7716e-06,0.00067716,5.931924895513831,24.000013333340743
Hyperliquid,ETH,2026-05-21T14:00:00.050000+00:00,2026-05-21,1.25e-05,0.00125,10.950006083336715,24.000013333340743
Hyperliquid,ETH,2026-05-21T15:00:00.017000+00:00,2026-05-21,1.25e-05,0.00125,10.950006083336715,24.000013333340743
Orderly,PERP_ETH_USDC,2026-05-21T16:00:00+00:00,2026-05-21,9.849e-05,0.009849,10.784655,3.0
Hyperliquid,ETH,2026-05-21T16:00:00.025000+00:00,2026-05-21,1.25e-05,0.00125,10.950006083336715,24.000013333340743
Hyperliquid,ETH,2026-05-21T17:00:00+00:00,2026-05-21,1.25e-05,0.00125,10.950006083336715,24.000013333340743
Hyperliquid,ETH,2026-05-21T18:00:00.024000+00:00,2026-05-21,1.25e-05,0.00125,10.950006083336715,24.000013333340743
Hyperliquid,ETH,2026-05-21T19:00:00.021000+00:00,2026-05-21,1.25e-05,0.00125,10.950006083336715,24.000013333340743
Hyperliquid,ETH,2026-05-21T20:00:00.036000+00:00,2026-05-21,1.25e-05,0.00125,10.950006083336715,24.000013333340743
Hyperliquid,ETH,2026-05-21T21:00:00.011000+00:00,2026-05-21,1.25e-05,0.00125,10.950006083336715,24.000013333340743
Hyperliquid,ETH,2026-05-21T22:00:00.008000+00:00,2026-05-21,1.25e-05,0.00125,10.950006083336715,24.000013333340743
Hyperliquid,ETH,2026-05-21T23:00:00.065000+00:00,2026-05-21,1.25e-05,0.00125,10.950006083336715,24.000013333340743
Orderly,PERP_ETH_USDC,2026-05-22T00:00:00+00:00,2026-05-22,9.843e-05,0.009843000000000001,10.778085,3.0
Hyperliquid,ETH,2026-05-22T00:00:00.060000+00:00,2026-05-22,1.25e-05,0.00125,10.950006083336715,24.000013333340743
Hyperliquid,ETH,2026-05-22T01:00:00.003000+00:00,2026-05-22,1.25e-05,0.00125,10.950006083336715,24.000013333340743
Hyperliquid,ETH,2026-05-22T02:00:00.021000+00:00,2026-05-22,1.25e-05,0.00125,10.950006083336715,24.000013333340743
Hyperliquid,ETH,2026-05-22T03:00:00.022000+00:00,2026-05-22,1.25e-05,0.00125,10.950006083336715,24.000013333340743
Hyperliquid,ETH,2026-05-22T04:00:00.017000+00:00,2026-05-22,1.25e-05,0.00125,10.950006083336715,24.000013333340743
Hyperliquid,ETH,2026-05-22T05:00:00.023000+00:00,2026-05-22,1.25e-05,0.00125,10.950006083336715,24.000013333340743
Hyperliquid,ETH,2026-05-22T06:00:00.051000+00:00,2026-05-22,1.25e-05,0.00125,10.950006083336715,24.000013333340743
Hyperliquid,ETH,2026-05-22T07:00:00.006000+00:00,2026-05-22,1.25e-05,0.00125,10.950006083336715,24.000013333340743
Orderly,PERP_ETH_USDC,2026-05-22T08:00:00+00:00,2026-05-22,9.871e-05,0.009871,10.808745,3.0
Hyperliquid,ETH,2026-05-22T08:00:00.011000+00:00,2026-05-22,1.25e-05,0.00125,10.950006083336715,24.000013333340743
Hyperliquid,ETH,2026-05-22T09:00:00.045000+00:00,2026-05-22,1.25e-05,0.00125,10.950006083336715,24.000013333340743
Hyperliquid,ETH,2026-05-22T10:00:00.026000+00:00,2026-05-22,1.25e-05,0.00125,10.950006083336715,24.000013333340743
Hyperliquid,ETH,2026-05-22T11:00:00.051000+00:00,2026-05-22,1.25e-05,0.00125,10.950006083336715,24.000013333340743
Hyperliquid,ETH,2026-05-22T12:00:00.027000+00:00,2026-05-22,1.25e-05,0.00125,10.950006083336715,24.000013333340743
Hyperliquid,ETH,2026-05-22T13:00:00.050000+00:00,2026-05-22,1.25e-05,0.00125,10.950006083336715,24.000013333340743
Hyperliquid,ETH,2026-05-22T14:00:00.017000+00:00,2026-05-22,1.25e-05,0.00125,10.950006083336715,24.000013333340743
Hyperliquid,ETH,2026-05-22T15:00:00.066000+00:00,2026-05-22,1.25e-05,0.00125,10.950006083336715,24.000013333340743
Orderly,PERP_ETH_USDC,2026-05-22T16:00:00+00:00,2026-05-22,9.908e-05,0.009908,10.84926,3.0
Hyperliquid,ETH,2026-05-22T16:00:00.062000+00:00,2026-05-22,1.25e-05,0.00125,10.950006083336715,24.000013333340743
Hyperliquid,ETH,2026-05-22T17:00:00.029000+00:00,2026-05-22,1.25e-05,0.00125,10.950006083336715,24.000013333340743
Hyperliquid,ETH,2026-05-22T18:00:00.016000+00:00,2026-05-22,1.25e-05,0.00125,10.950006083336715,24.000013333340743
Hyperliquid,ETH,2026-05-22T19:00:00.007000+00:00,2026-05-22,1.25e-05,0.00125,10.950006083336715,24.000013333340743
Hyperliquid,ETH,2026-05-22T20:00:00.011000+00:00,2026-05-22,9.432e-07,9.432e-05,0.8262436590242551,24.000013333340743
Hyperliquid,ETH,2026-05-22T21:00:00.002000+00:00,2026-05-22,1.22788e-05,0.00122788,10.756234775685988,24.000013333340743
Hyperliquid,ETH,2026-05-22T22:00:00+00:00,2026-05-22,9.1664e-06,0.0009166399999999999,8.029770860983811,24.000013333340743
Hyperliquid,ETH,2026-05-22T23:00:00.031000+00:00,2026-05-22,4.9229e-06,0.00049229,4.312462795812665,24.000013333340743
Orderly,PERP_ETH_USDC,2026-05-23T00:00:00+00:00,2026-05-23,0.00019855,0.019855,21.741225,3.0
Hyperliquid,ETH,2026-05-23T00:00:00.006000+00:00,2026-05-23,3.1062e-06,0.00031062,2.72103271168484,24.000013333340743
Hyperliquid,ETH,2026-05-23T01:00:00.002000+00:00,2026-05-23,5.5109e-06,0.00055109,4.827551081972824,24.000013333340743
Hyperliquid,ETH,2026-05-23T02:00:00.041000+00:00,2026-05-23,1.1398e-05,0.0011398,9.98465354702975,24.000013333340743
Hyperliquid,ETH,2026-05-23T03:00:00.019000+00:00,2026-05-23,6.6339e-06,0.00066339,5.811299628499794,24.000013333340743
Hyperliquid,ETH,2026-05-23T04:00:00.053000+00:00,2026-05-23,8.5298e-06,0.0008529799999999999,7.47210895117164,24.000013333340743
Hyperliquid,ETH,2026-05-23T05:00:00.048000+00:00,2026-05-23,1.25e-05,0.00125,10.950006083336715,24.000013333340743
Hyperliquid,ETH,2026-05-23T06:00:00.036000+00:00,2026-05-23,1.25e-05,0.00125,10.950006083336715,24.000013333340743
Hyperliquid,ETH,2026-05-23T07:00:00.066000+00:00,2026-05-23,1.25e-05,0.00125,10.950006083336715,24.000013333340743
Orderly,PERP_ETH_USDC,2026-05-23T08:00:00+00:00,2026-05-23,0.00017272,0.017272000000000003,18.91284,3.0
Hyperliquid,ETH,2026-05-23T08:00:00.034000+00:00,2026-05-23,5.1882e-06,0.00051882,4.544865724925403,24.000013333340743
Hyperliquid,ETH,2026-05-23T09:00:00.067000+00:00,2026-05-23,4.4213e-06,0.00044213000000000005,3.873060951700529,24.000013333340743
Hyperliquid,ETH,2026-05-23T10:00:00.023000+00:00,2026-05-23,3.9345e-06,0.00039345,3.4466239147910644,24.000013333340743
Hyperliquid,ETH,2026-05-23T11:00:00.030000+00:00,2026-05-23,-4.3307e-06,-0.00043306999999999997,-3.7936953076085045,24.000013333340743
Hyperliquid,ETH,2026-05-23T12:00:00.039000+00:00,2026-05-23,-1.889e-07,-1.889e-05,-0.16547649193138442,24.000013333340743
Hyperliquid,ETH,2026-05-23T13:00:00.035000+00:00,2026-05-23,-1.44481e-05,-0.00144481,-12.656542631412574,24.000013333340743
Hyperliquid,ETH,2026-05-23T14:00:00.062000+00:00,2026-05-23,-5.5009e-06,-0.00055009,-4.818791077106154,24.000013333340743
Hyperliquid,ETH,2026-05-23T15:00:00.004000+00:00,2026-05-23,-2.421e-06,-0.00024210000000000003,-2.1207971782206547,24.000013333340743
Orderly,PERP_ETH_USDC,2026-05-23T16:00:00+00:00,2026-05-23,0.000102,0.0102,11.169,3.0
Hyperliquid,ETH,2026-05-23T16:00:00.017000+00:00,2026-05-23,-2.9606e-06,-0.00029606,-2.593487040826134,24.000013333340743
Hyperliquid,ETH,2026-05-23T17:00:00.014000+00:00,2026-05-23,-5.9403e-06,-0.00059403,-5.203705690947606,24.000013333340743
Hyperliquid,ETH,2026-05-23T18:00:00.068000+00:00,2026-05-23,-1.06829e-05,-0.0010682900000000002,-9.358225599014224,24.000013333340743
Hyperliquid,ETH,2026-05-23T19:00:00.020000+00:00,2026-05-23,-3.3489e-06,-0.00033488999999999996,-2.9336380297989058,24.000013333340743
Hyperliquid,ETH,2026-05-23T20:00:00.058000+00:00,2026-05-23,-2.8118e-06,-0.00028118,-2.4631381684100937,24.000013333340743
Hyperliquid,ETH,2026-05-23T21:00:00.077000+00:00,2026-05-23,7.5424e-06,0.00075424,6.6071460706367064,24.000013333340743
Hyperliquid,ETH,2026-05-23T22:00:00.025000+00:00,2026-05-23,-1.16387e-05,-0.00116387,-10.19550686417048,24.000013333340743
Hyperliquid,ETH,2026-05-23T23:00:00.064000+00:00,2026-05-23,3.9715e-06,0.00039715,3.479035932797741,24.000013333340743
Orderly,PERP_ETH_USDC,2026-05-24T00:00:00+00:00,2026-05-24,9.925e-05,0.009925,10.867875,3.0
Hyperliquid,ETH,2026-05-24T00:00:00.038000+00:00,2026-05-24,1.25e-05,0.00125,10.950006083336715,24.000013333340743
Hyperliquid,ETH,2026-05-24T01:00:00.045000+00:00,2026-05-24,1.25e-05,0.00125,10.950006083336715,24.000013333340743
Hyperliquid,ETH,2026-05-24T02:00:00.010000+00:00,2026-05-24,1.25e-05,0.00125,10.950006083336715,24.000013333340743
Hyperliquid,ETH,2026-05-24T03:00:00.005000+00:00,2026-05-24,1.25e-05,0.00125,10.950006083336715,24.000013333340743
Hyperliquid,ETH,2026-05-24T04:00:00.011000+00:00,2026-05-24,1.25e-05,0.00125,10.950006083336715,24.000013333340743
Hyperliquid,ETH,2026-05-24T05:00:00.055000+00:00,2026-05-24,1.25e-05,0.00125,10.950006083336715,24.000013333340743
Hyperliquid,ETH,2026-05-24T06:00:00.049000+00:00,2026-05-24,1.25e-05,0.00125,10.950006083336715,24.000013333340743
Hyperliquid,ETH,2026-05-24T07:00:00.038000+00:00,2026-05-24,1.25e-05,0.00125,10.950006083336715,24.000013333340743
Orderly,PERP_ETH_USDC,2026-05-24T08:00:00+00:00,2026-05-24,9.905e-05,0.009904999999999999,10.845975,3.0
Hyperliquid,ETH,2026-05-24T08:00:00.034000+00:00,2026-05-24,1.25e-05,0.00125,10.950006083336715,24.000013333340743
Hyperliquid,ETH,2026-05-24T09:00:00.048000+00:00,2026-05-24,1.25e-05,0.00125,10.950006083336715,24.000013333340743
Hyperliquid,ETH,2026-05-24T10:00:00.040000+00:00,2026-05-24,1.25e-05,0.00125,10.950006083336715,24.000013333340743
Hyperliquid,ETH,2026-05-24T11:00:00.057000+00:00,2026-05-24,1.25e-05,0.00125,10.950006083336715,24.000013333340743
Hyperliquid,ETH,2026-05-24T12:00:00.043000+00:00,2026-05-24,1.25e-05,0.00125,10.950006083336715,24.000013333340743
Hyperliquid,ETH,2026-05-24T13:00:00.052000+00:00,2026-05-24,1.25e-05,0.00125,10.950006083336715,24.000013333340743
Hyperliquid,ETH,2026-05-24T14:00:00.052000+00:00,2026-05-24,1.25e-05,0.00125,10.950006083336715,24.000013333340743
Hyperliquid,ETH,2026-05-24T15:00:00.032000+00:00,2026-05-24,1.10095e-05,0.00110095,9.644327357959643,24.000013333340743
Orderly,PERP_ETH_USDC,2026-05-24T16:00:00+00:00,2026-05-24,0.00010024,0.010024,10.976280000000001,3.0
Hyperliquid,ETH,2026-05-24T16:00:00.024000+00:00,2026-05-24,7.8615e-06,0.0007861499999999999,6.886677825932125,24.000013333340743
Hyperliquid,ETH,2026-05-24T17:00:00.003000+00:00,2026-05-24,1.25e-05,0.00125,10.950006083336715,24.000013333340743
Hyperliquid,ETH,2026-05-24T18:00:00.030000+00:00,2026-05-24,1.16573e-05,0.00116573,10.211800473222485,24.000013333340743
Hyperliquid,ETH,2026-05-24T19:00:00.041000+00:00,2026-05-24,1.02333e-05,0.00102333,8.964375780208767,24.000013333340743
Hyperliquid,ETH,2026-05-24T20:00:00+00:00,2026-05-24,5.5839e-06,0.00055839,4.89149911749951,24.000013333340743
Hyperliquid,ETH,2026-05-24T21:00:00.064000+00:00,2026-05-24,1.8792e-06,0.00018792,1.646180114544508,24.000013333340743
Hyperliquid,ETH,2026-05-24T22:00:00.015000+00:00,2026-05-24,-4.949e-07,-4.949e-05,-0.4335326408514672,24.000013333340743
Hyperliquid,ETH,2026-05-24T23:00:00.033000+00:00,2026-05-24,3.7898e-06,0.00037898,3.319866644370358,24.000013333340743
Orderly,PERP_ETH_USDC,2026-05-25T00:00:00+00:00,2026-05-25,0.00010007,0.010007,10.957665,3.0
Hyperliquid,ETH,2026-05-25T00:00:00.025000+00:00,2026-05-25,7.949e-07,7.949e-05,0.6963327868515483,24.000013333340743
Hyperliquid,ETH,2026-05-25T01:00:00.064000+00:00,2026-05-25,7.9412e-06,0.0007941199999999999,6.95649506471948,24.000013333340743
Hyperliquid,ETH,2026-05-25T02:00:00.016000+00:00,2026-05-25,4.3513e-06,0.00043513000000000004,3.8117409176338435,24.000013333340743
Hyperliquid,ETH,2026-05-25T03:00:00.050000+00:00,2026-05-25,-1.2129e-05,-0.0012129,-10.625009902783281,24.000013333340743
Hyperliquid,ETH,2026-05-25T04:00:00.031000+00:00,2026-05-25,-1.33967e-05,-0.00133967,-11.735515719730955,24.000013333340743
Hyperliquid,ETH,2026-05-25T05:00:00.047000+00:00,2026-05-25,-1.25571e-05,-0.00125571,-11.000025711125398,24.000013333340743
Hyperliquid,ETH,2026-05-25T06:00:00.042000+00:00,2026-05-25,-7.995e-06,-0.0007995000000000001,-7.003623890902162,24.000013333340743
Hyperliquid,ETH,2026-05-25T07:00:00.052000+00:00,2026-05-25,-1.4655e-06,-0.00014655,-1.2837787132103964,24.000013333340743
Orderly,PERP_ETH_USDC,2026-05-25T08:00:00+00:00,2026-05-25,9.929e-05,0.009929,10.872255000000001,3.0
Hyperliquid,ETH,2026-05-25T08:00:00.016000+00:00,2026-05-25,5.6907e-06,0.0005690700000000001,4.98505596947554,24.000013333340743
Hyperliquid,ETH,2026-05-25T09:00:00.028000+00:00,2026-05-25,3.9994e-06,0.00039994,3.5034763463757486,24.000013333340743
Hyperliquid,ETH,2026-05-25T10:00:00.021000+00:00,2026-05-25,5.7154e-06,0.00057154,5.006693181496213,24.000013333340743
Hyperliquid,ETH,2026-05-25T11:00:00.006000+00:00,2026-05-25,4.6124e-06,0.00046124,4.040464644702581,24.000013333340743
Hyperliquid,ETH,2026-05-25T12:00:00.041000+00:00,2026-05-25,4.7518e-06,0.00047518,4.162579112543952,24.000013333340743
Hyperliquid,ETH,2026-05-25T13:00:00.008000+00:00,2026-05-25,5.8387e-06,0.00058387,5.114704041502245,24.000013333340743
Hyperliquid,ETH,2026-05-25T14:00:00.059000+00:00,2026-05-25,5.1249e-06,0.00051249,4.489414894119386,24.000013333340743
Hyperliquid,ETH,2026-05-25T15:00:00.007000+00:00,2026-05-25,8.3695e-06,0.00083695,7.33168607315893,24.000013333340743
Orderly,PERP_ETH_USDC,2026-05-25T16:00:00+00:00,2026-05-25,9.879e-05,0.009878999999999999,10.817504999999999,3.0
Hyperliquid,ETH,2026-05-25T16:00:00.039000+00:00,2026-05-25,1.25e-05,0.00125,10.950006083336715,24.000013333340743
Hyperliquid,ETH,2026-05-25T17:00:00.058000+00:00,2026-05-25,1.25e-05,0.00125,10.950006083336715,24.000013333340743
Hyperliquid,ETH,2026-05-25T18:00:00.047000+00:00,2026-05-25,1.25e-05,0.00125,10.950006083336715,24.000013333340743
Hyperliquid,ETH,2026-05-25T19:00:00.032000+00:00,2026-05-25,1.25e-05,0.00125,10.950006083336715,24.000013333340743
Hyperliquid,ETH,2026-05-25T20:00:00.052000+00:00,2026-05-25,1.20176e-05,0.00120176,10.527423448568584,24.000013333340743
Hyperliquid,ETH,2026-05-25T21:00:00.018000+00:00,2026-05-25,3.5391e-06,0.00035391000000000003,3.100253322362957,24.000013333340743
Hyperliquid,ETH,2026-05-25T22:00:00.006000+00:00,2026-05-25,-1.97e-06,-0.00019700000000000002,-1.7257209587338662,24.000013333340743
Hyperliquid,ETH,2026-05-25T23:00:00.026000+00:00,2026-05-25,-3.0391e-06,-0.00030391,-2.6622530790294885,24.000013333340743
Orderly,PERP_ETH_USDC,2026-05-26T00:00:00+00:00,2026-05-26,9.94e-05,0.009940000000000001,10.884300000000001,3.0
Hyperliquid,ETH,2026-05-26T00:00:00.040000+00:00,2026-05-26,-4.141e-07,-4.141e-05,-0.3627518015287786,24.000013333340743
Hyperliquid,ETH,2026-05-26T01:00:00.062000+00:00,2026-05-26,1.25e-05,0.00125,10.950006083336715,24.000013333340743
Hyperliquid,ETH,2026-05-26T02:00:00.054000+00:00,2026-05-26,1.25e-05,0.00125,10.950006083336715,24.000013333340743
Hyperliquid,ETH,2026-05-26T03:00:00.003000+00:00,2026-05-26,1.25e-05,0.00125,10.950006083336715,24.000013333340743
Hyperliquid,ETH,2026-05-26T04:00:00.070000+00:00,2026-05-26,1.25e-05,0.00125,10.950006083336715,24.000013333340743
Hyperliquid,ETH,2026-05-26T05:00:00.065000+00:00,2026-05-26,1.25e-05,0.00125,10.950006083336715,24.000013333340743
Hyperliquid,ETH,2026-05-26T06:00:00+00:00,2026-05-26,1.25e-05,0.00125,10.950006083336715,24.000013333340743
Hyperliquid,ETH,2026-05-26T07:00:00.049000+00:00,2026-05-26,1.25e-05,0.00125,10.950006083336715,24.000013333340743
Orderly,PERP_ETH_USDC,2026-05-26T08:00:00+00:00,2026-05-26,0.00012886,0.012886000000000002,14.110170000000002,3.0
Hyperliquid,ETH,2026-05-26T08:00:00.058000+00:00,2026-05-26,1.25e-05,0.00125,10.950006083336715,24.000013333340743
Hyperliquid,ETH,2026-05-26T09:00:00.057000+00:00,2026-05-26,1.25e-05,0.00125,10.950006083336715,24.000013333340743
Hyperliquid,ETH,2026-05-26T10:00:00.044000+00:00,2026-05-26,1.25e-05,0.00125,10.950006083336715,24.000013333340743
Hyperliquid,ETH,2026-05-26T11:00:00.020000+00:00,2026-05-26,1.25e-05,0.00125,10.950006083336715,24.000013333340743
Hyperliquid,ETH,2026-05-26T12:00:00.014000+00:00,2026-05-26,1.25e-05,0.00125,10.950006083336715,24.000013333340743
Hyperliquid,ETH,2026-05-26T13:00:00.069000+00:00,2026-05-26,1.09284e-05,0.00109284,9.573283718490956,24.000013333340743
Hyperliquid,ETH,2026-05-26T14:00:00.051000+00:00,2026-05-26,1.25e-05,0.00125,10.950006083336715,24.000013333340743
Hyperliquid,ETH,2026-05-26T15:00:00.029000+00:00,2026-05-26,1.25e-05,0.00125,10.950006083336715,24.000013333340743
Orderly,PERP_ETH_USDC,2026-05-26T16:00:00+00:00,2026-05-26,0.00011024,0.011024,12.07128,3.0
Hyperliquid,ETH,2026-05-26T16:00:00.057000+00:00,2026-05-26,1.9111e-06,0.00019110999999999998,1.6741245300691834,24.000013333340743
Hyperliquid,ETH,2026-05-26T17:00:00.064000+00:00,2026-05-26,-2.8865e-06,-0.00028865,-2.528575404764114,24.000013333340743
Hyperliquid,ETH,2026-05-26T18:00:00.049000+00:00,2026-05-26,1.5842e-06,0.00015842,1.3877599709777617,24.000013333340743
Hyperliquid,ETH,2026-05-26T19:00:00.056000+00:00,2026-05-26,1.6629e-06,0.00016629,1.4567012092784497,24.000013333340743
Hyperliquid,ETH,2026-05-26T20:00:00.058000+00:00,2026-05-26,-1.1642e-06,-0.00011642,-1.0198397665776482,24.000013333340743
Hyperliquid,ETH,2026-05-26T21:00:00.049000+00:00,2026-05-26,5.2451e-06,0.00052451,4.594710152616751,24.000013333340743
Hyperliquid,ETH,2026-05-26T22:00:00.001000+00:00,2026-05-26,5.3362e-06,0.00053362,4.67451379695211,24.000013333340743
Hyperliquid,ETH,2026-05-26T23:00:00.051000+00:00,2026-05-26,-5.15e-07,-5.1500000000000005e-05,-0.45114025063347263,24.000013333340743
Orderly,PERP_ETH_USDC,2026-05-27T00:00:00+00:00,2026-05-27,0.00017853,0.017853,19.549035,3.0
Hyperliquid,ETH,2026-05-27T00:00:00.065000+00:00,2026-05-27,1.0863e-06,0.00010863000000000001,0.9515993286662938,24.000013333340743
Hyperliquid,ETH,2026-05-27T01:00:00.008000+00:00,2026-05-27,5.8082e-06,0.00058082,5.087986026658904,24.000013333340743
Hyperliquid,ETH,2026-05-27T02:00:00.053000+00:00,2026-05-27,-1.1502e-06,-0.00011502,-1.0075757597643111,24.000013333340743
Hyperliquid,ETH,2026-05-27T03:00:00.017000+00:00,2026-05-27,-2.5989e-06,-0.00025989,-2.2766376647987028,24.000013333340743
Hyperliquid,ETH,2026-05-27T04:00:00.028000+00:00,2026-05-27,-1.3894e-06,-0.00013894,-1.2171150761750424,24.000013333340743
Hyperliquid,ETH,2026-05-27T05:00:00.014000+00:00,2026-05-27,-2.8448e-06,-0.00028448,-2.4920461844701025,24.000013333340743
Hyperliquid,ETH,2026-05-27T06:00:00.071000+00:00,2026-05-27,-4.454e-07,-4.4540000000000004e-05,-0.39017061676145376,24.000013333340743
Hyperliquid,ETH,2026-05-27T07:00:00.045000+00:00,2026-05-27,7.8107e-06,0.0007810699999999999,6.842177001209445,24.000013333340743
Orderly,PERP_ETH_USDC,2026-05-27T08:00:00+00:00,2026-05-27,0.00016808,0.016808,18.40476,3.0
Hyperliquid,ETH,2026-05-27T08:00:00.033000+00:00,2026-05-27,8.8345e-06,0.00088345,7.739026299459057,24.000013333340743
Hyperliquid,ETH,2026-05-27T09:00:00.026000+00:00,2026-05-27,1.14836e-05,0.00114836,10.05963918868844,24.000013333340743
Hyperliquid,ETH,2026-05-27T10:00:00.049000+00:00,2026-05-27,1.14639e-05,0.00114639,10.042381979101101,24.000013333340743
Hyperliquid,ETH,2026-05-27T11:00:00.070000+00:00,2026-05-27,1.25e-05,0.00125,10.950006083336715,24.000013333340743
Hyperliquid,ETH,2026-05-27T12:00:00.022000+00:00,2026-05-27,1.25e-05,0.00125,10.950006083336715,24.000013333340743
Hyperliquid,ETH,2026-05-27T13:00:00.017000+00:00,2026-05-27,1.25e-05,0.00125,10.950006083336715,24.000013333340743
Hyperliquid,ETH,2026-05-27T14:00:00.009000+00:00,2026-05-27,1.25e-05,0.00125,10.950006083336715,24.000013333340743
Hyperliquid,ETH,2026-05-27T15:00:00.023000+00:00,2026-05-27,1.25e-05,0.00125,10.950006083336715,24.000013333340743
Orderly,PERP_ETH_USDC,2026-05-27T16:00:00+00:00,2026-05-27,0.00015457,0.015457,16.925415,3.0
Hyperliquid,ETH,2026-05-27T16:00:00.056000+00:00,2026-05-27,1.25e-05,0.00125,10.950006083336715,24.000013333340743
Hyperliquid,ETH,2026-05-27T17:00:00.002000+00:00,2026-05-27,1.25e-05,0.00125,10.950006083336715,24.000013333340743
Hyperliquid,ETH,2026-05-27T18:00:00.010000+00:00,2026-05-27,1.25e-05,0.00125,10.950006083336715,24.000013333340743
Hyperliquid,ETH,2026-05-27T19:00:00.031000+00:00,2026-05-27,5.6377e-06,0.00056377,4.938627943682191,24.000013333340743
Hyperliquid,ETH,2026-05-27T20:00:00.047000+00:00,2026-05-27,1.19693e-05,0.0011969300000000001,10.48511262506257,24.000013333340743
Hyperliquid,ETH,2026-05-27T21:00:00.032000+00:00,2026-05-27,1.25e-05,0.00125,10.950006083336715,24.000013333340743
Hyperliquid,ETH,2026-05-27T22:00:00.045000+00:00,2026-05-27,2.4438e-06,0.00024438,2.1407699893166607,24.000013333340743
Hyperliquid,ETH,2026-05-27T23:00:00.042000+00:00,2026-05-27,3.1739e-06,0.00031738999999999997,2.780337944632192,24.000013333340743
Orderly,PERP_ETH_USDC,2026-05-28T00:00:00+00:00,2026-05-28,0.00010872,0.010872,11.90484,3.0
Hyperliquid,ETH,2026-05-28T00:00:00.013000+00:00,2026-05-28,2.6491e-06,0.00026491000000000004,2.320612889229383,24.000013333340743
Hyperliquid,ETH,2026-05-28T01:00:00.013000+00:00,2026-05-28,2.0654e-06,0.00020654,1.809291405161892,24.000013333340743
Hyperliquid,ETH,2026-05-28T02:00:00.044000+00:00,2026-05-28,2.0818e-06,0.00020818,1.82365781314323,24.000013333340743
Hyperliquid,ETH,2026-05-28T03:00:00.040000+00:00,2026-05-28,1.3243e-06,0.00013243,1.1600874444930247,24.000013333340743
Hyperliquid,ETH,2026-05-28T04:00:00.023000+00:00,2026-05-28,-7.43e-08,-7.43e-06,-0.06508683615935343,24.000013333340743
Hyperliquid,ETH,2026-05-28T05:00:00.005000+00:00,2026-05-28,2.1261e-06,0.00021260999999999999,1.862464634702575,24.000013333340743
Hyperliquid,ETH,2026-05-28T06:00:00.060000+00:00,2026-05-28,-4.8359e-06,-0.00048359,-4.236250753472641,24.000013333340743
Hyperliquid,ETH,2026-05-28T07:00:00.067000+00:00,2026-05-28,-3.5206e-06,-0.00035205999999999996,-3.0840473133596187,24.000013333340743
Orderly,PERP_ETH_USDC,2026-05-28T08:00:00+00:00,2026-05-28,0.00010037,0.010037,10.990515,3.0
Hyperliquid,ETH,2026-05-28T08:00:00.036000+00:00,2026-05-28,-2.26e-06,-0.000226,-1.9797610998672777,24.000013333340743
Hyperliquid,ETH,2026-05-28T09:00:00.022000+00:00,2026-05-28,-5.1456e-06,-0.0005145600000000001,-4.507548104193392,24.000013333340743
Hyperliquid,ETH,2026-05-28T10:00:00.054000+00:00,2026-05-28,-6.8687e-06,-0.00068687,-6.016984542769191,24.000013333340743
Hyperliquid,ETH,2026-05-28T11:00:00.027000+00:00,2026-05-28,-4.9837e-06,-0.00049837,-4.365723625402015,24.000013333340743
Hyperliquid,ETH,2026-05-28T12:00:00.003000+00:00,2026-05-28,-2.5652e-06,-0.00025652,-2.2471164483980273,24.000013333340743
Hyperliquid,ETH,2026-05-28T13:00:00.059000+00:00,2026-05-28,3.2298e-06,0.00032298,2.829306371836873,24.000013333340743
Hyperliquid,ETH,2026-05-28T14:00:00.011000+00:00,2026-05-28,8.1995e-06,0.00081995,7.18276599042555,24.000013333340743
Hyperliquid,ETH,2026-05-28T15:00:00.054000+00:00,2026-05-28,1.25e-05,0.00125,10.950006083336715,24.000013333340743
Orderly,PERP_ETH_USDC,2026-05-28T16:00:00+00:00,2026-05-28,0.00010059,0.010059,11.014605,3.0
Hyperliquid,ETH,2026-05-28T16:00:00.085000+00:00,2026-05-28,1.25e-05,0.00125,10.950006083336715,24.000013333340743
Hyperliquid,ETH,2026-05-28T17:00:00.054000+00:00,2026-05-28,1.25e-05,0.00125,10.950006083336715,24.000013333340743
Hyperliquid,ETH,2026-05-28T18:00:00.081000+00:00,2026-05-28,1.25e-05,0.00125,10.950006083336715,24.000013333340743
Hyperliquid,ETH,2026-05-28T19:00:00.045000+00:00,2026-05-28,1.25e-05,0.00125,10.950006083336715,24.000013333340743
Hyperliquid,ETH,2026-05-28T20:00:00.024000+00:00,2026-05-28,1.25e-05,0.00125,10.950006083336715,24.000013333340743
Hyperliquid,ETH,2026-05-28T21:00:00.054000+00:00,2026-05-28,1.25e-05,0.00125,10.950006083336715,24.000013333340743
Hyperliquid,ETH,2026-05-28T22:00:00.057000+00:00,2026-05-28,1.25e-05,0.00125,10.950006083336715,24.000013333340743
Hyperliquid,ETH,2026-05-28T23:00:00.062000+00:00,2026-05-28,1.25e-05,0.00125,10.950006083336715,24.000013333340743
Orderly,PERP_ETH_USDC,2026-05-29T00:00:00+00:00,2026-05-29,9.96e-05,0.00996,10.906199999999998,3.0
Hyperliquid,ETH,2026-05-29T00:00:00.066000+00:00,2026-05-29,1.25e-05,0.00125,10.950006083336715,24.000013333340743
Hyperliquid,ETH,2026-05-29T01:00:00.046000+00:00,2026-05-29,1.25e-05,0.00125,10.950006083336715,24.000013333340743
Hyperliquid,ETH,2026-05-29T02:00:00.003000+00:00,2026-05-29,1.25e-05,0.00125,10.950006083336715,24.000013333340743
Hyperliquid,ETH,2026-05-29T03:00:00.035000+00:00,2026-05-29,1.25e-05,0.00125,10.950006083336715,24.000013333340743
Hyperliquid,ETH,2026-05-29T04:00:00.041000+00:00,2026-05-29,1.25e-05,0.00125,10.950006083336715,24.000013333340743
Hyperliquid,ETH,2026-05-29T05:00:00.056000+00:00,2026-05-29,1.25e-05,0.00125,10.950006083336715,24.000013333340743
Hyperliquid,ETH,2026-05-29T06:00:00.048000+00:00,2026-05-29,1.25e-05,0.00125,10.950006083336715,24.000013333340743
Hyperliquid,ETH,2026-05-29T07:00:00.013000+00:00,2026-05-29,1.25e-05,0.00125,10.950006083336715,24.000013333340743
Orderly,PERP_ETH_USDC,2026-05-29T08:00:00+00:00,2026-05-29,9.972e-05,0.009972,10.91934,3.0
Hyperliquid,ETH,2026-05-29T08:00:00.008000+00:00,2026-05-29,1.25e-05,0.00125,10.950006083336715,24.000013333340743
Hyperliquid,ETH,2026-05-29T09:00:00.061000+00:00,2026-05-29,1.25e-05,0.00125,10.950006083336715,24.000013333340743
Hyperliquid,ETH,2026-05-29T10:00:00.035000+00:00,2026-05-29,1.25e-05,0.00125,10.950006083336715,24.000013333340743
Hyperliquid,ETH,2026-05-29T11:00:00.034000+00:00,2026-05-29,1.25e-05,0.00125,10.950006083336715,24.000013333340743
Hyperliquid,ETH,2026-05-29T12:00:00.030000+00:00,2026-05-29,1.25e-05,0.00125,10.950006083336715,24.000013333340743
Hyperliquid,ETH,2026-05-29T13:00:00.037000+00:00,2026-05-29,1.25e-05,0.00125,10.950006083336715,24.000013333340743
Hyperliquid,ETH,2026-05-29T14:00:00.045000+00:00,2026-05-29,1.25e-05,0.00125,10.950006083336715,24.000013333340743
Hyperliquid,ETH,2026-05-29T15:00:00.047000+00:00,2026-05-29,1.25e-05,0.00125,10.950006083336715,24.000013333340743
Orderly,PERP_ETH_USDC,2026-05-29T16:00:00+00:00,2026-05-29,9.854e-05,0.009854,10.790130000000001,3.0
Hyperliquid,ETH,2026-05-29T16:00:00.042000+00:00,2026-05-29,1.25e-05,0.00125,10.950006083336715,24.000013333340743
Hyperliquid,ETH,2026-05-29T17:00:00.070000+00:00,2026-05-29,1.25e-05,0.00125,10.950006083336715,24.000013333340743
Hyperliquid,ETH,2026-05-29T18:00:00.058000+00:00,2026-05-29,1.25e-05,0.00125,10.950006083336715,24.000013333340743
Hyperliquid,ETH,2026-05-29T19:00:00.015000+00:00,2026-05-29,1.25e-05,0.00125,10.950006083336715,24.000013333340743
Hyperliquid,ETH,2026-05-29T20:00:00.023000+00:00,2026-05-29,1.21204e-05,0.00121204,10.617476298597945,24.000013333340743
Hyperliquid,ETH,2026-05-29T21:00:00.009000+00:00,2026-05-29,1.25e-05,0.00125,10.950006083336715,24.000013333340743
Hyperliquid,ETH,2026-05-29T22:00:00.051000+00:00,2026-05-29,1.25e-05,0.00125,10.950006083336715,24.000013333340743
Hyperliquid,ETH,2026-05-29T23:00:00.004000+00:00,2026-05-29,1.25e-05,0.00125,10.950006083336715,24.000013333340743
Orderly,PERP_ETH_USDC,2026-05-30T00:00:00+00:00,2026-05-30,9.937e-05,0.009937000000000001,10.881015000000001,3.0
Hyperliquid,ETH,2026-05-30T00:00:00.028000+00:00,2026-05-30,1.25e-05,0.00125,10.950006083336715,24.000013333340743
Hyperliquid,ETH,2026-05-30T01:00:00.060000+00:00,2026-05-30,1.25e-05,0.00125,10.950006083336715,24.000013333340743
Hyperliquid,ETH,2026-05-30T02:00:00.046000+00:00,2026-05-30,1.25e-05,0.00125,10.950006083336715,24.000013333340743
Hyperliquid,ETH,2026-05-30T03:00:00.016000+00:00,2026-05-30,1.25e-05,0.00125,10.950006083336715,24.000013333340743
Hyperliquid,ETH,2026-05-30T04:00:00.011000+00:00,2026-05-30,1.25e-05,0.00125,10.950006083336715,24.000013333340743
Hyperliquid,ETH,2026-05-30T05:00:00.025000+00:00,2026-05-30,1.25e-05,0.00125,10.950006083336715,24.000013333340743
Hyperliquid,ETH,2026-05-30T06:00:00.060000+00:00,2026-05-30,1.25e-05,0.00125,10.950006083336715,24.000013333340743
Hyperliquid,ETH,2026-05-30T07:00:00.054000+00:00,2026-05-30,1.25e-05,0.00125,10.950006083336715,24.000013333340743
Orderly,PERP_ETH_USDC,2026-05-30T08:00:00+00:00,2026-05-30,9.928e-05,0.009928,10.87116,3.0
Hyperliquid,ETH,2026-05-30T08:00:00.009000+00:00,2026-05-30,1.01997e-05,0.00101997,8.934942163856759,24.000013333340743
Hyperliquid,ETH,2026-05-30T09:00:00.066000+00:00,2026-05-30,1.09734e-05,0.00109734,9.612703740390968,24.000013333340743
Hyperliquid,ETH,2026-05-30T10:00:00.023000+00:00,2026-05-30,5.9199e-06,0.00059199,5.185835281019601,24.000013333340743
Hyperliquid,ETH,2026-05-30T11:00:00.024000+00:00,2026-05-30,1.25e-05,0.00125,10.950006083336715,24.000013333340743
Hyperliquid,ETH,2026-05-30T12:00:00.050000+00:00,2026-05-30,1.25e-05,0.00125,10.950006083336715,24.000013333340743
Hyperliquid,ETH,2026-05-30T13:00:00.053000+00:00,2026-05-30,1.25e-05,0.00125,10.950006083336715,24.000013333340743
Hyperliquid,ETH,2026-05-30T14:00:00.049000+00:00,2026-05-30,1.25e-05,0.00125,10.950006083336715,24.000013333340743
Hyperliquid,ETH,2026-05-30T15:00:00.029000+00:00,2026-05-30,1.25e-05,0.00125,10.950006083336715,24.000013333340743
Orderly,PERP_ETH_USDC,2026-05-30T16:00:00+00:00,2026-05-30,9.878e-05,0.009878,10.81641,3.0
Hyperliquid,ETH,2026-05-30T16:00:00.037000+00:00,2026-05-30,1.25e-05,0.00125,10.950006083336715,24.000013333340743
Hyperliquid,ETH,2026-05-30T17:00:00.070000+00:00,2026-05-30,1.25e-05,0.00125,10.950006083336715,24.000013333340743
Hyperliquid,ETH,2026-05-30T18:00:00.038000+00:00,2026-05-30,1.25e-05,0.00125,10.950006083336715,24.000013333340743
Hyperliquid,ETH,2026-05-30T19:00:00.053000+00:00,2026-05-30,1.25e-05,0.00125,10.950006083336715,24.000013333340743
Hyperliquid,ETH,2026-05-30T20:00:00.009000+00:00,2026-05-30,1.25e-05,0.00125,10.950006083336715,24.000013333340743
Hyperliquid,ETH,2026-05-30T21:00:00.027000+00:00,2026-05-30,1.25e-05,0.00125,10.950006083336715,24.000013333340743
Hyperliquid,ETH,2026-05-30T22:00:00.060000+00:00,2026-05-30,1.25e-05,0.00125,10.950006083336715,24.000013333340743
Hyperliquid,ETH,2026-05-30T23:00:00.030000+00:00,2026-05-30,1.25e-05,0.00125,10.950006083336715,24.000013333340743
Orderly,PERP_ETH_USDC,2026-05-31T00:00:00+00:00,2026-05-31,9.899e-05,0.009899,10.839405000000001,3.0
Hyperliquid,ETH,2026-05-31T00:00:00.055000+00:00,2026-05-31,1.25e-05,0.00125,10.950006083336715,24.000013333340743
Hyperliquid,ETH,2026-05-31T01:00:00.031000+00:00,2026-05-31,1.25e-05,0.00125,10.950006083336715,24.000013333340743
Hyperliquid,ETH,2026-05-31T02:00:00.062000+00:00,2026-05-31,1.25e-05,0.00125,10.950006083336715,24.000013333340743
Hyperliquid,ETH,2026-05-31T03:00:00.003000+00:00,2026-05-31,1.25e-05,0.00125,10.950006083336715,24.000013333340743
Hyperliquid,ETH,2026-05-31T04:00:00.040000+00:00,2026-05-31,1.25e-05,0.00125,10.950006083336715,24.000013333340743
Hyperliquid,ETH,2026-05-31T05:00:00.014000+00:00,2026-05-31,1.25e-05,0.00125,10.950006083336715,24.000013333340743
Hyperliquid,ETH,2026-05-31T06:00:00.012000+00:00,2026-05-31,1.25e-05,0.00125,10.950006083336715,24.000013333340743
Hyperliquid,ETH,2026-05-31T07:00:00.007000+00:00,2026-05-31,1.25e-05,0.00125,10.950006083336715,24.000013333340743
Orderly,PERP_ETH_USDC,2026-05-31T08:00:00+00:00,2026-05-31,9.89e-05,0.009890000000000001,10.829550000000001,3.0
Hyperliquid,ETH,2026-05-31T08:00:00.066000+00:00,2026-05-31,1.25e-05,0.00125,10.950006083336715,24.000013333340743
Hyperliquid,ETH,2026-05-31T09:00:00.025000+00:00,2026-05-31,1.25e-05,0.00125,10.950006083336715,24.000013333340743
Hyperliquid,ETH,2026-05-31T10:00:00.045000+00:00,2026-05-31,1.25e-05,0.00125,10.950006083336715,24.000013333340743
Hyperliquid,ETH,2026-05-31T11:00:00.064000+00:00,2026-05-31,1.25e-05,0.00125,10.950006083336715,24.000013333340743
Hyperliquid,ETH,2026-05-31T12:00:00.048000+00:00,2026-05-31,1.25e-05,0.00125,10.950006083336715,24.000013333340743
Hyperliquid,ETH,2026-05-31T13:00:00.065000+00:00,2026-05-31,1.1584e-05,0.0011584,10.1475896375498,24.000013333340743
Hyperliquid,ETH,2026-05-31T14:00:00.044000+00:00,2026-05-31,1.18117e-05,0.00118117,10.34705494836386,24.000013333340743
Hyperliquid,ETH,2026-05-31T15:00:00.067000+00:00,2026-05-31,1.25e-05,0.00125,10.950006083336715,24.000013333340743
Orderly,PERP_ETH_USDC,2026-05-31T16:00:00+00:00,2026-05-31,9.957e-05,0.009957,10.902914999999998,3.0
Hyperliquid,ETH,2026-05-31T16:00:00.042000+00:00,2026-05-31,1.25e-05,0.00125,10.950006083336715,24.000013333340743
Hyperliquid,ETH,2026-05-31T17:00:00.009000+00:00,2026-05-31,1.25e-05,0.00125,10.950006083336715,24.000013333340743
Hyperliquid,ETH,2026-05-31T18:00:00.037000+00:00,2026-05-31,1.25e-05,0.00125,10.950006083336715,24.000013333340743
Hyperliquid,ETH,2026-05-31T19:00:00.023000+00:00,2026-05-31,1.25e-05,0.00125,10.950006083336715,24.000013333340743
Hyperliquid,ETH,2026-05-31T20:00:00.049000+00:00,2026-05-31,1.25e-05,0.00125,10.950006083336715,24.000013333340743
Hyperliquid,ETH,2026-05-31T21:00:00.008000+00:00,2026-05-31,1.25e-05,0.00125,10.950006083336715,24.000013333340743
Hyperliquid,ETH,2026-05-31T22:00:00.006000+00:00,2026-05-31,1.25e-05,0.00125,10.950006083336715,24.000013333340743
Hyperliquid,ETH,2026-05-31T23:00:00.059000+00:00,2026-05-31,1.25e-05,0.00125,10.950006083336715,24.000013333340743
Orderly,PERP_ETH_USDC,2026-06-01T00:00:00+00:00,2026-06-01,9.974e-05,0.009974,10.92153,3.0
Hyperliquid,ETH,2026-06-01T00:00:00.050000+00:00,2026-06-01,1.25e-05,0.00125,10.950006083336715,24.000013333340743
Hyperliquid,ETH,2026-06-01T01:00:00.010000+00:00,2026-06-01,1.25e-05,0.00125,10.950006083336715,24.000013333340743
Hyperliquid,ETH,2026-06-01T02:00:00.046000+00:00,2026-06-01,1.25e-05,0.00125,10.950006083336715,24.000013333340743
Hyperliquid,ETH,2026-06-01T03:00:00.011000+00:00,2026-06-01,1.25e-05,0.00125,10.950006083336715,24.000013333340743
Hyperliquid,ETH,2026-06-01T04:00:00.002000+00:00,2026-06-01,1.25e-05,0.00125,10.950006083336715,24.000013333340743
Hyperliquid,ETH,2026-06-01T05:00:00.044000+00:00,2026-06-01,1.25e-05,0.00125,10.950006083336715,24.000013333340743
