exchange,market,timestamp,date,volume_eth,notional_volume_usd,close
Hyperliquid,ETH,2026-05-18T06:00:00+00:00,2026-05-18,13596.6606,28795007.81868,2117.8
Hyperliquid,ETH,2026-05-18T07:00:00+00:00,2026-05-18,9697.7036,20554282.7802,2119.5
Orderly,PERP_ETH_USDC,2026-05-18T07:00:00+00:00,2026-05-18,305.5557,648010.3063320001,2120.76
Hyperliquid,ETH,2026-05-18T08:00:00+00:00,2026-05-18,7369.3757,15625287.296710001,2120.3
Orderly,PERP_ETH_USDC,2026-05-18T08:00:00+00:00,2026-05-18,163.2898,346468.29764000006,2121.8
Hyperliquid,ETH,2026-05-18T09:00:00+00:00,2026-05-18,3955.6732,8369017.78924,2115.7
Orderly,PERP_ETH_USDC,2026-05-18T09:00:00+00:00,2026-05-18,37.0891,78511.31955300001,2116.83
Hyperliquid,ETH,2026-05-18T10:00:00+00:00,2026-05-18,9679.3029,20455270.818570003,2113.3
Orderly,PERP_ETH_USDC,2026-05-18T10:00:00+00:00,2026-05-18,78.5352,166073.67532799998,2114.64
Hyperliquid,ETH,2026-05-18T11:00:00+00:00,2026-05-18,30442.4763,64918580.70975,2132.5
Orderly,PERP_ETH_USDC,2026-05-18T11:00:00+00:00,2026-05-18,688.6663,1469496.810929,2133.83
Hyperliquid,ETH,2026-05-18T12:00:00+00:00,2026-05-18,62822.6626,135062442.32374,2149.9
Orderly,PERP_ETH_USDC,2026-05-18T12:00:00+00:00,2026-05-18,2322.1303,4997177.962994,2151.98
Hyperliquid,ETH,2026-05-18T13:00:00+00:00,2026-05-18,52732.4771,112314902.97529,2129.9
Orderly,PERP_ETH_USDC,2026-05-18T13:00:00+00:00,2026-05-18,1967.0824,4192049.30264,2131.1
Hyperliquid,ETH,2026-05-18T14:00:00+00:00,2026-05-18,34210.9131,72164500.09314,2109.4
Orderly,PERP_ETH_USDC,2026-05-18T14:00:00+00:00,2026-05-18,1421.1692,2999050.727684,2110.27
Hyperliquid,ETH,2026-05-18T15:00:00+00:00,2026-05-18,42926.0279,90419385.16856001,2106.4
Orderly,PERP_ETH_USDC,2026-05-18T15:00:00+00:00,2026-05-18,939.7349,1980228.1759779998,2107.22
Hyperliquid,ETH,2026-05-18T16:00:00+00:00,2026-05-18,21769.9638,45645083.09946,2096.7
Orderly,PERP_ETH_USDC,2026-05-18T16:00:00+00:00,2026-05-18,508.4404,1066570.680292,2097.73
Hyperliquid,ETH,2026-05-18T17:00:00+00:00,2026-05-18,8271.2028,17429078.540159997,2107.2
Orderly,PERP_ETH_USDC,2026-05-18T17:00:00+00:00,2026-05-18,147.289,310477.84754999995,2107.95
Hyperliquid,ETH,2026-05-18T18:00:00+00:00,2026-05-18,34395.9412,71560755.6666,2080.5
Orderly,PERP_ETH_USDC,2026-05-18T18:00:00+00:00,2026-05-18,306.2747,637376.027182,2081.06
Hyperliquid,ETH,2026-05-18T19:00:00+00:00,2026-05-18,86442.6592,183612852.40671998,2124.1
Orderly,PERP_ETH_USDC,2026-05-18T19:00:00+00:00,2026-05-18,661.8554,1406277.2611500002,2124.75
Hyperliquid,ETH,2026-05-18T20:00:00+00:00,2026-05-18,19320.8479,40896438.749929994,2116.7
Orderly,PERP_ETH_USDC,2026-05-18T20:00:00+00:00,2026-05-18,166.3386,352168.757148,2117.18
Hyperliquid,ETH,2026-05-18T21:00:00+00:00,2026-05-18,55314.5129,118196051.16472001,2136.8
Orderly,PERP_ETH_USDC,2026-05-18T21:00:00+00:00,2026-05-18,210.4647,449773.58713500004,2137.05
Hyperliquid,ETH,2026-05-18T22:00:00+00:00,2026-05-18,26343.2997,56253482.17938,2135.4
Orderly,PERP_ETH_USDC,2026-05-18T22:00:00+00:00,2026-05-18,233.2239,498096.28322999994,2135.7
Hyperliquid,ETH,2026-05-18T23:00:00+00:00,2026-05-18,11142.2909,23729736.929729998,2129.7
Orderly,PERP_ETH_USDC,2026-05-18T23:00:00+00:00,2026-05-18,114.466,243818.3033,2130.05
Hyperliquid,ETH,2026-05-19T00:00:00+00:00,2026-05-19,8896.7968,18999109.5664,2135.5
Orderly,PERP_ETH_USDC,2026-05-19T00:00:00+00:00,2026-05-19,778.9859,1664038.520144,2136.16
Hyperliquid,ETH,2026-05-19T01:00:00+00:00,2026-05-19,24631.3329,52319414.21289,2124.1
Orderly,PERP_ETH_USDC,2026-05-19T01:00:00+00:00,2026-05-19,232.71,494569.25460000004,2125.26
Hyperliquid,ETH,2026-05-19T02:00:00+00:00,2026-05-19,11008.5788,23363506.787240002,2122.3
Orderly,PERP_ETH_USDC,2026-05-19T02:00:00+00:00,2026-05-19,201.6415,428193.79091,2123.54
Hyperliquid,ETH,2026-05-19T03:00:00+00:00,2026-05-19,5821.6394,12401838.41382,2130.3
Orderly,PERP_ETH_USDC,2026-05-19T03:00:00+00:00,2026-05-19,155.4589,331382.409596,2131.64
Hyperliquid,ETH,2026-05-19T04:00:00+00:00,2026-05-19,7960.6667,16981694.204439998,2133.2
Orderly,PERP_ETH_USDC,2026-05-19T04:00:00+00:00,2026-05-19,220.1029,469666.573165,2133.85
Hyperliquid,ETH,2026-05-19T05:00:00+00:00,2026-05-19,5926.6393,12649818.92192,2134.4
Orderly,PERP_ETH_USDC,2026-05-19T05:00:00+00:00,2026-05-19,315.1095,672837.559875,2135.25
Hyperliquid,ETH,2026-05-19T06:00:00+00:00,2026-05-19,5037.3377,10762775.72982,2136.6
Orderly,PERP_ETH_USDC,2026-05-19T06:00:00+00:00,2026-05-19,176.1069,376395.03843899997,2137.31
Hyperliquid,ETH,2026-05-19T07:00:00+00:00,2026-05-19,5304.4817,11351590.838000001,2140.0
Orderly,PERP_ETH_USDC,2026-05-19T07:00:00+00:00,2026-05-19,182.6017,390913.71936000005,2140.8
Hyperliquid,ETH,2026-05-19T08:00:00+00:00,2026-05-19,4025.4818,8585145.03486,2132.7
Orderly,PERP_ETH_USDC,2026-05-19T08:00:00+00:00,2026-05-19,203.3839,433964.295108,2133.72
Hyperliquid,ETH,2026-05-19T09:00:00+00:00,2026-05-19,16263.7496,34370182.02968,2113.3
Orderly,PERP_ETH_USDC,2026-05-19T09:00:00+00:00,2026-05-19,377.2838,797717.5482059999,2114.37
Hyperliquid,ETH,2026-05-19T10:00:00+00:00,2026-05-19,16564.4545,35078545.294649996,2117.7
Orderly,PERP_ETH_USDC,2026-05-19T10:00:00+00:00,2026-05-19,323.5233,685367.934885,2118.45
Hyperliquid,ETH,2026-05-19T11:00:00+00:00,2026-05-19,10597.2124,22357998.721520003,2109.8
Orderly,PERP_ETH_USDC,2026-05-19T11:00:00+00:00,2026-05-19,88.988,187826.08172000002,2110.69
Hyperliquid,ETH,2026-05-19T12:00:00+00:00,2026-05-19,5159.7293,10925210.81982,2117.4
Orderly,PERP_ETH_USDC,2026-05-19T12:00:00+00:00,2026-05-19,75.1967,159286.16174200003,2118.26
Hyperliquid,ETH,2026-05-19T13:00:00+00:00,2026-05-19,32328.0993,68477379.93726,2118.2
Orderly,PERP_ETH_USDC,2026-05-19T13:00:00+00:00,2026-05-19,633.6605,1342612.54061,2118.82
Hyperliquid,ETH,2026-05-19T14:00:00+00:00,2026-05-19,42229.9928,88923695.83895999,2105.7
Orderly,PERP_ETH_USDC,2026-05-19T14:00:00+00:00,2026-05-19,656.8034,1383530.089964,2106.46
Hyperliquid,ETH,2026-05-19T15:00:00+00:00,2026-05-19,9641.3778,20335594.05576,2109.2
Orderly,PERP_ETH_USDC,2026-05-19T15:00:00+00:00,2026-05-19,191.2879,403598.34021000005,2109.9
Hyperliquid,ETH,2026-05-19T16:00:00+00:00,2026-05-19,10523.0067,22314035.70735,2120.5
Orderly,PERP_ETH_USDC,2026-05-19T16:00:00+00:00,2026-05-19,186.4847,395498.616607,2120.81
Hyperliquid,ETH,2026-05-19T17:00:00+00:00,2026-05-19,6818.0707,14419537.72343,2114.9
Orderly,PERP_ETH_USDC,2026-05-19T17:00:00+00:00,2026-05-19,255.0102,539451.127182,2115.41
Hyperliquid,ETH,2026-05-19T18:00:00+00:00,2026-05-19,8605.5046,18196339.4767,2114.5
Orderly,PERP_ETH_USDC,2026-05-19T18:00:00+00:00,2026-05-19,237.1805,501636.7575,2115.0
Hyperliquid,ETH,2026-05-19T19:00:00+00:00,2026-05-19,9630.5794,20342672.866620004,2112.3
Orderly,PERP_ETH_USDC,2026-05-19T19:00:00+00:00,2026-05-19,230.432,486831.38208,2112.69
Hyperliquid,ETH,2026-05-19T20:00:00+00:00,2026-05-19,1723.83,3650210.025,2117.5
Orderly,PERP_ETH_USDC,2026-05-19T20:00:00+00:00,2026-05-19,64.0727,135704.697146,2117.98
Hyperliquid,ETH,2026-05-19T21:00:00+00:00,2026-05-19,2960.3281,6263758.226790001,2115.9
Orderly,PERP_ETH_USDC,2026-05-19T21:00:00+00:00,2026-05-19,99.983,211659.01184999998,2116.95
Hyperliquid,ETH,2026-05-19T22:00:00+00:00,2026-05-19,6938.1976,14607681.227040002,2105.4
Orderly,PERP_ETH_USDC,2026-05-19T22:00:00+00:00,2026-05-19,505.259,1064019.87551,2105.89
Hyperliquid,ETH,2026-05-19T23:00:00+00:00,2026-05-19,4502.8755,9504669.605400002,2110.8
Orderly,PERP_ETH_USDC,2026-05-19T23:00:00+00:00,2026-05-19,193.1853,407935.87503900006,2111.63
Hyperliquid,ETH,2026-05-20T00:00:00+00:00,2026-05-20,6585.6344,13897005.710879998,2110.2
Orderly,PERP_ETH_USDC,2026-05-20T00:00:00+00:00,2026-05-20,546.2689,1153075.3194980002,2110.82
Hyperliquid,ETH,2026-05-20T01:00:00+00:00,2026-05-20,6575.3649,13903609.08105,2114.5
Orderly,PERP_ETH_USDC,2026-05-20T01:00:00+00:00,2026-05-20,231.2722,489133.764834,2114.97
Hyperliquid,ETH,2026-05-20T02:00:00+00:00,2026-05-20,5262.9973,11094924.608129999,2108.1
Orderly,PERP_ETH_USDC,2026-05-20T02:00:00+00:00,2026-05-20,82.5376,174070.97302399998,2108.99
Hyperliquid,ETH,2026-05-20T03:00:00+00:00,2026-05-20,2962.121,6251556.3705,2110.5
Orderly,PERP_ETH_USDC,2026-05-20T03:00:00+00:00,2026-05-20,84.7992,179015.35116000002,2111.05
Hyperliquid,ETH,2026-05-20T04:00:00+00:00,2026-05-20,17458.8409,36885293.169429995,2112.7
Orderly,PERP_ETH_USDC,2026-05-20T04:00:00+00:00,2026-05-20,83.5082,176437.79512400003,2112.82
Hyperliquid,ETH,2026-05-20T05:00:00+00:00,2026-05-20,11103.8227,23593402.472960003,2124.8
Orderly,PERP_ETH_USDC,2026-05-20T05:00:00+00:00,2026-05-20,164.6649,349929.37898999994,2125.1
Hyperliquid,ETH,2026-05-20T06:00:00+00:00,2026-05-20,12502.4693,26674018.25155,2133.5
Orderly,PERP_ETH_USDC,2026-05-20T06:00:00+00:00,2026-05-20,178.1128,379927.070296,2133.07
Hyperliquid,ETH,2026-05-20T07:00:00+00:00,2026-05-20,10106.2245,21514130.715600003,2128.8
Orderly,PERP_ETH_USDC,2026-05-20T07:00:00+00:00,2026-05-20,168.6564,359118.38595599995,2129.29
Hyperliquid,ETH,2026-05-20T08:00:00+00:00,2026-05-20,8187.6189,17446997.114010002,2130.9
Orderly,PERP_ETH_USDC,2026-05-20T08:00:00+00:00,2026-05-20,217.3375,463204.893625,2131.27
Hyperliquid,ETH,2026-05-20T09:00:00+00:00,2026-05-20,2189.0495,4659610.7657,2128.6
Orderly,PERP_ETH_USDC,2026-05-20T09:00:00+00:00,2026-05-20,76.8395,163591.2955,2129.0
Hyperliquid,ETH,2026-05-20T10:00:00+00:00,2026-05-20,2941.5619,6265821.00319,2130.1
Orderly,PERP_ETH_USDC,2026-05-20T10:00:00+00:00,2026-05-20,94.2046,200686.885518,2130.33
Hyperliquid,ETH,2026-05-20T11:00:00+00:00,2026-05-20,3775.8022,8033396.76072,2127.6
Orderly,PERP_ETH_USDC,2026-05-20T11:00:00+00:00,2026-05-20,99.2647,211216.421307,2127.81
Hyperliquid,ETH,2026-05-20T12:00:00+00:00,2026-05-20,7702.6731,16432112.524230001,2133.3
Orderly,PERP_ETH_USDC,2026-05-20T12:00:00+00:00,2026-05-20,1004.3826,2143091.328924,2133.74
Hyperliquid,ETH,2026-05-20T13:00:00+00:00,2026-05-20,17462.4135,37022062.86134999,2120.1
Orderly,PERP_ETH_USDC,2026-05-20T13:00:00+00:00,2026-05-20,375.9034,797103.1597,2120.5
Hyperliquid,ETH,2026-05-20T14:00:00+00:00,2026-05-20,28503.1735,60859976.0572,2135.2
Orderly,PERP_ETH_USDC,2026-05-20T14:00:00+00:00,2026-05-20,383.6036,819220.012124,2135.59
Hyperliquid,ETH,2026-05-20T15:00:00+00:00,2026-05-20,16276.5095,34766624.292,2136.0
Orderly,PERP_ETH_USDC,2026-05-20T15:00:00+00:00,2026-05-20,924.5377,1975228.5691649998,2136.45
Hyperliquid,ETH,2026-05-20T16:00:00+00:00,2026-05-20,8619.7627,18402331.38823,2134.9
Orderly,PERP_ETH_USDC,2026-05-20T16:00:00+00:00,2026-05-20,660.6149,1410769.543546,2135.54
Hyperliquid,ETH,2026-05-20T17:00:00+00:00,2026-05-20,11519.4825,24650540.60175,2139.9
Orderly,PERP_ETH_USDC,2026-05-20T17:00:00+00:00,2026-05-20,177.1463,379162.16905699996,2140.39
Hyperliquid,ETH,2026-05-20T18:00:00+00:00,2026-05-20,6013.9882,12818815.848299999,2131.5
Orderly,PERP_ETH_USDC,2026-05-20T18:00:00+00:00,2026-05-20,161.1351,343525.531041,2131.91
Hyperliquid,ETH,2026-05-20T19:00:00+00:00,2026-05-20,4654.7491,9953250.00053,2138.3
Orderly,PERP_ETH_USDC,2026-05-20T19:00:00+00:00,2026-05-20,31.013,66335.25635,2138.95
Hyperliquid,ETH,2026-05-20T20:00:00+00:00,2026-05-20,21358.99,45605715.448,2135.2
Orderly,PERP_ETH_USDC,2026-05-20T20:00:00+00:00,2026-05-20,35.6483,76146.907698,2136.06
Hyperliquid,ETH,2026-05-20T21:00:00+00:00,2026-05-20,10915.7311,23248324.096780002,2129.8
Orderly,PERP_ETH_USDC,2026-05-20T21:00:00+00:00,2026-05-20,25.8477,55068.52485,2130.5
Hyperliquid,ETH,2026-05-20T22:00:00+00:00,2026-05-20,10703.7504,22776510.47616,2127.9
Orderly,PERP_ETH_USDC,2026-05-20T22:00:00+00:00,2026-05-20,123.791,263461.90948000003,2128.28
Hyperliquid,ETH,2026-05-20T23:00:00+00:00,2026-05-20,3813.4358,8119186.16178,2129.1
Orderly,PERP_ETH_USDC,2026-05-20T23:00:00+00:00,2026-05-20,60.2229,128234.42765700001,2129.33
Hyperliquid,ETH,2026-05-21T00:00:00+00:00,2026-05-21,13697.9873,29346567.991520002,2142.4
Orderly,PERP_ETH_USDC,2026-05-21T00:00:00+00:00,2026-05-21,233.3629,500029.019459,2142.71
Hyperliquid,ETH,2026-05-21T01:00:00+00:00,2026-05-21,62539.7533,133866341.93865,2140.5
Orderly,PERP_ETH_USDC,2026-05-21T01:00:00+00:00,2026-05-21,227.7039,487491.27951,2140.9
Hyperliquid,ETH,2026-05-21T02:00:00+00:00,2026-05-21,4194.7122,8981298.29142,2141.1
Orderly,PERP_ETH_USDC,2026-05-21T02:00:00+00:00,2026-05-21,101.1614,216638.14971400003,2141.51
Hyperliquid,ETH,2026-05-21T03:00:00+00:00,2026-05-21,2533.7719,5435954.23426,2145.4
Orderly,PERP_ETH_USDC,2026-05-21T03:00:00+00:00,2026-05-21,134.4305,288405.85039499996,2145.39
Hyperliquid,ETH,2026-05-21T04:00:00+00:00,2026-05-21,2203.9743,4726202.488919999,2144.4
Orderly,PERP_ETH_USDC,2026-05-21T04:00:00+00:00,2026-05-21,60.7611,130300.963728,2144.48
Hyperliquid,ETH,2026-05-21T05:00:00+00:00,2026-05-21,9243.0891,19743238.317599997,2136.0
Orderly,PERP_ETH_USDC,2026-05-21T05:00:00+00:00,2026-05-21,68.557,146453.52011,2136.23
Hyperliquid,ETH,2026-05-21T06:00:00+00:00,2026-05-21,6931.5303,14749603.32537,2127.9
Orderly,PERP_ETH_USDC,2026-05-21T06:00:00+00:00,2026-05-21,282.822,601983.79878,2128.49
Hyperliquid,ETH,2026-05-21T07:00:00+00:00,2026-05-21,13152.2214,28076047.022579998,2134.7
Orderly,PERP_ETH_USDC,2026-05-21T07:00:00+00:00,2026-05-21,142.0859,303333.504474,2134.86
Hyperliquid,ETH,2026-05-21T08:00:00+00:00,2026-05-21,20365.2891,43528768.922340006,2137.4
Orderly,PERP_ETH_USDC,2026-05-21T08:00:00+00:00,2026-05-21,224.1162,479102.1653879999,2137.74
Hyperliquid,ETH,2026-05-21T09:00:00+00:00,2026-05-21,5375.3048,11435960.962,2127.5
Orderly,PERP_ETH_USDC,2026-05-21T09:00:00+00:00,2026-05-21,170.7566,363370.0448,2128.0
Hyperliquid,ETH,2026-05-21T10:00:00+00:00,2026-05-21,23517.1023,49698692.29059,2113.3
Orderly,PERP_ETH_USDC,2026-05-21T10:00:00+00:00,2026-05-21,339.3438,717349.039134,2113.93
Hyperliquid,ETH,2026-05-21T11:00:00+00:00,2026-05-21,11933.0591,25226486.937400002,2114.0
Orderly,PERP_ETH_USDC,2026-05-21T11:00:00+00:00,2026-05-21,64.4537,136306.040223,2114.79
Hyperliquid,ETH,2026-05-21T12:00:00+00:00,2026-05-21,13623.8136,28830714.340319995,2116.2
Orderly,PERP_ETH_USDC,2026-05-21T12:00:00+00:00,2026-05-21,132.4743,280501.08282,2117.4
Hyperliquid,ETH,2026-05-21T13:00:00+00:00,2026-05-21,26898.6962,57027925.81361999,2120.1
Orderly,PERP_ETH_USDC,2026-05-21T13:00:00+00:00,2026-05-21,422.3077,895292.324,2120.0
Hyperliquid,ETH,2026-05-21T14:00:00+00:00,2026-05-21,17624.657,37385422.428399995,2121.2
Orderly,PERP_ETH_USDC,2026-05-21T14:00:00+00:00,2026-05-21,440.213,933911.8795,2121.5
Hyperliquid,ETH,2026-05-21T15:00:00+00:00,2026-05-21,19268.8534,41079268.56346,2131.9
Orderly,PERP_ETH_USDC,2026-05-21T15:00:00+00:00,2026-05-21,409.7869,873723.040966,2132.14
Hyperliquid,ETH,2026-05-21T16:00:00+00:00,2026-05-21,34101.4057,72530279.78333001,2126.9
Orderly,PERP_ETH_USDC,2026-05-21T16:00:00+00:00,2026-05-21,101.6892,216355.97570399998,2127.62
Hyperliquid,ETH,2026-05-21T17:00:00+00:00,2026-05-21,25290.639,54278769.421799995,2146.2
Orderly,PERP_ETH_USDC,2026-05-21T17:00:00+00:00,2026-05-21,445.0799,955337.3005560001,2146.44
Hyperliquid,ETH,2026-05-21T18:00:00+00:00,2026-05-21,21741.8527,46218830.46966001,2125.8
Orderly,PERP_ETH_USDC,2026-05-21T18:00:00+00:00,2026-05-21,195.6812,416139.55354399997,2126.62
Hyperliquid,ETH,2026-05-21T19:00:00+00:00,2026-05-21,32034.723,68640800.9721,2142.7
Orderly,PERP_ETH_USDC,2026-05-21T19:00:00+00:00,2026-05-21,83.6599,179262.250725,2142.75
Hyperliquid,ETH,2026-05-21T20:00:00+00:00,2026-05-21,3412.6413,7296227.0994,2138.0
Orderly,PERP_ETH_USDC,2026-05-21T20:00:00+00:00,2026-05-21,40.1612,85885.127812,2138.51
Hyperliquid,ETH,2026-05-21T21:00:00+00:00,2026-05-21,6818.4554,14553311.20576,2134.4
Orderly,PERP_ETH_USDC,2026-05-21T21:00:00+00:00,2026-05-21,36.4163,77754.26294500001,2135.15
Hyperliquid,ETH,2026-05-21T22:00:00+00:00,2026-05-21,6105.9246,13012946.50752,2131.2
Orderly,PERP_ETH_USDC,2026-05-21T22:00:00+00:00,2026-05-21,32.9939,70323.52839899999,2131.41
Hyperliquid,ETH,2026-05-21T23:00:00+00:00,2026-05-21,6580.0687,14035944.543969998,2133.1
Orderly,PERP_ETH_USDC,2026-05-21T23:00:00+00:00,2026-05-21,70.4069,150187.77466599998,2133.14
Hyperliquid,ETH,2026-05-22T00:00:00+00:00,2026-05-22,4233.9165,9011891.27025,2128.5
Orderly,PERP_ETH_USDC,2026-05-22T00:00:00+00:00,2026-05-22,47.0427,100172.72538000002,2129.4
Hyperliquid,ETH,2026-05-22T01:00:00+00:00,2026-05-22,4215.1663,9000223.083759999,2135.2
Orderly,PERP_ETH_USDC,2026-05-22T01:00:00+00:00,2026-05-22,59.5244,127133.40400800001,2135.82
Hyperliquid,ETH,2026-05-22T02:00:00+00:00,2026-05-22,3423.1301,7316598.27574,2137.4
Orderly,PERP_ETH_USDC,2026-05-22T02:00:00+00:00,2026-05-22,124.014,265102.24752,2137.68
Hyperliquid,ETH,2026-05-22T03:00:00+00:00,2026-05-22,1793.6041,3833111.32211,2137.1
Orderly,PERP_ETH_USDC,2026-05-22T03:00:00+00:00,2026-05-22,116.9127,249893.881488,2137.44
Hyperliquid,ETH,2026-05-22T04:00:00+00:00,2026-05-22,2399.3975,5118154.80725,2133.1
Orderly,PERP_ETH_USDC,2026-05-22T04:00:00+00:00,2026-05-22,230.8816,492597.43768000003,2133.55
Hyperliquid,ETH,2026-05-22T05:00:00+00:00,2026-05-22,3001.2355,6388429.885299999,2128.6
Orderly,PERP_ETH_USDC,2026-05-22T05:00:00+00:00,2026-05-22,175.6041,373780.35101399996,2128.54
Hyperliquid,ETH,2026-05-22T06:00:00+00:00,2026-05-22,4417.3515,9387313.672649998,2125.1
Orderly,PERP_ETH_USDC,2026-05-22T06:00:00+00:00,2026-05-22,111.2264,236369.44716799998,2125.12
Hyperliquid,ETH,2026-05-22T07:00:00+00:00,2026-05-22,7664.0205,16309802.026049998,2128.1
Orderly,PERP_ETH_USDC,2026-05-22T07:00:00+00:00,2026-05-22,171.9918,365917.71425400005,2127.53
Hyperliquid,ETH,2026-05-22T08:00:00+00:00,2026-05-22,19845.7196,42104678.70336,2121.6
Orderly,PERP_ETH_USDC,2026-05-22T08:00:00+00:00,2026-05-22,194.0379,411616.47802800004,2121.32
Hyperliquid,ETH,2026-05-22T09:00:00+00:00,2026-05-22,9356.4238,19867430.29692,2123.4
Orderly,PERP_ETH_USDC,2026-05-22T09:00:00+00:00,2026-05-22,146.4921,311014.44766799995,2123.08
Hyperliquid,ETH,2026-05-22T10:00:00+00:00,2026-05-22,2772.7261,5885111.147249999,2122.5
Orderly,PERP_ETH_USDC,2026-05-22T10:00:00+00:00,2026-05-22,173.4699,368132.617683,2122.17
Hyperliquid,ETH,2026-05-22T11:00:00+00:00,2026-05-22,12156.5987,25895986.55074,2130.2
Orderly,PERP_ETH_USDC,2026-05-22T11:00:00+00:00,2026-05-22,128.7181,274136.086294,2129.74
Hyperliquid,ETH,2026-05-22T12:00:00+00:00,2026-05-22,10853.1668,23164999.21792,2134.4
Orderly,PERP_ETH_USDC,2026-05-22T12:00:00+00:00,2026-05-22,217.8913,464993.107678,2134.06
Hyperliquid,ETH,2026-05-22T13:00:00+00:00,2026-05-22,11938.0776,25422136.2492,2129.5
Orderly,PERP_ETH_USDC,2026-05-22T13:00:00+00:00,2026-05-22,664.8592,1415791.072032,2129.46
Hyperliquid,ETH,2026-05-22T14:00:00+00:00,2026-05-22,15231.122,32235146.6008,2116.4
Orderly,PERP_ETH_USDC,2026-05-22T14:00:00+00:00,2026-05-22,1972.397,4175031.9018099997,2116.73
Hyperliquid,ETH,2026-05-22T15:00:00+00:00,2026-05-22,9626.4791,20399471.86081,2119.1
Orderly,PERP_ETH_USDC,2026-05-22T15:00:00+00:00,2026-05-22,272.929,578445.7226,2119.4
Hyperliquid,ETH,2026-05-22T16:00:00+00:00,2026-05-22,8764.5018,18599149.26978,2122.1
Orderly,PERP_ETH_USDC,2026-05-22T16:00:00+00:00,2026-05-22,72.5699,154053.560817,2122.83
Hyperliquid,ETH,2026-05-22T17:00:00+00:00,2026-05-22,17461.4925,36995664.15975,2118.7
Orderly,PERP_ETH_USDC,2026-05-22T17:00:00+00:00,2026-05-22,269.2181,570621.223855,2119.55
Hyperliquid,ETH,2026-05-22T18:00:00+00:00,2026-05-22,77198.6384,162032222.13776,2098.9
Orderly,PERP_ETH_USDC,2026-05-22T18:00:00+00:00,2026-05-22,660.9412,1387626.2211639998,2099.47
Hyperliquid,ETH,2026-05-22T19:00:00+00:00,2026-05-22,95075.5329,196302452.77863,2064.7
Orderly,PERP_ETH_USDC,2026-05-22T19:00:00+00:00,2026-05-22,628.8487,1298534.834578,2064.94
Hyperliquid,ETH,2026-05-22T20:00:00+00:00,2026-05-22,33321.3543,69051842.51589,2072.3
Orderly,PERP_ETH_USDC,2026-05-22T20:00:00+00:00,2026-05-22,182.871,379018.4346,2072.6
Hyperliquid,ETH,2026-05-22T21:00:00+00:00,2026-05-22,9770.1788,20295592.421240002,2077.3
Orderly,PERP_ETH_USDC,2026-05-22T21:00:00+00:00,2026-05-22,182.7292,379705.79572399997,2077.97
Hyperliquid,ETH,2026-05-22T22:00:00+00:00,2026-05-22,25298.4824,52420985.38104,2072.1
Orderly,PERP_ETH_USDC,2026-05-22T22:00:00+00:00,2026-05-22,236.4907,490048.933819,2072.17
Hyperliquid,ETH,2026-05-22T23:00:00+00:00,2026-05-22,27544.7823,56874466.49304,2064.8
Orderly,PERP_ETH_USDC,2026-05-22T23:00:00+00:00,2026-05-22,715.2183,1477083.137526,2065.22
Hyperliquid,ETH,2026-05-23T00:00:00+00:00,2026-05-23,38298.9872,79026130.18848,2063.4
Orderly,PERP_ETH_USDC,2026-05-23T00:00:00+00:00,2026-05-23,554.3183,1144140.687115,2064.05
Hyperliquid,ETH,2026-05-23T01:00:00+00:00,2026-05-23,13991.6235,28936076.560349997,2068.1
Orderly,PERP_ETH_USDC,2026-05-23T01:00:00+00:00,2026-05-23,104.6713,216534.565023,2068.71
Hyperliquid,ETH,2026-05-23T02:00:00+00:00,2026-05-23,2866.6687,5927410.87099,2067.7
Orderly,PERP_ETH_USDC,2026-05-23T02:00:00+00:00,2026-05-23,129.9319,268716.060347,2068.13
Hyperliquid,ETH,2026-05-23T03:00:00+00:00,2026-05-23,3017.4932,6245909.17468,2069.9
Orderly,PERP_ETH_USDC,2026-05-23T03:00:00+00:00,2026-05-23,44.5923,92325.235689,2070.43
Hyperliquid,ETH,2026-05-23T04:00:00+00:00,2026-05-23,10683.5602,22076508.797280002,2066.4
Orderly,PERP_ETH_USDC,2026-05-23T04:00:00+00:00,2026-05-23,35.2071,72766.738422,2066.82
Hyperliquid,ETH,2026-05-23T05:00:00+00:00,2026-05-23,3944.9206,8142316.1184,2064.0
Orderly,PERP_ETH_USDC,2026-05-23T05:00:00+00:00,2026-05-23,100.6491,207802.144842,2064.62
Hyperliquid,ETH,2026-05-23T06:00:00+00:00,2026-05-23,2882.9718,5940939.988259999,2060.7
Orderly,PERP_ETH_USDC,2026-05-23T06:00:00+00:00,2026-05-23,138.3483,285159.365511,2061.17
Hyperliquid,ETH,2026-05-23T07:00:00+00:00,2026-05-23,70714.2693,143380252.43267998,2027.6
Orderly,PERP_ETH_USDC,2026-05-23T07:00:00+00:00,2026-05-23,5306.3744,10752412.574207999,2026.32
Hyperliquid,ETH,2026-05-23T08:00:00+00:00,2026-05-23,29542.4766,59950547.76438,2029.3
Orderly,PERP_ETH_USDC,2026-05-23T08:00:00+00:00,2026-05-23,547.9193,1111503.612787,2028.59
Hyperliquid,ETH,2026-05-23T09:00:00+00:00,2026-05-23,4578.1214,9277105.20496,2026.4
Orderly,PERP_ETH_USDC,2026-05-23T09:00:00+00:00,2026-05-23,573.201,1161454.25826,2026.26
Hyperliquid,ETH,2026-05-23T10:00:00+00:00,2026-05-23,12854.9657,26100722.35728,2030.4
Orderly,PERP_ETH_USDC,2026-05-23T10:00:00+00:00,2026-05-23,72.054,146282.58972000002,2030.18
Hyperliquid,ETH,2026-05-23T11:00:00+00:00,2026-05-23,4266.1935,8662079.2824,2030.4
Orderly,PERP_ETH_USDC,2026-05-23T11:00:00+00:00,2026-05-23,52.5628,106718.778468,2030.31
Hyperliquid,ETH,2026-05-23T12:00:00+00:00,2026-05-23,12134.9398,24631500.80604,2029.8
Orderly,PERP_ETH_USDC,2026-05-23T12:00:00+00:00,2026-05-23,114.9256,233252.99776,2029.6
Hyperliquid,ETH,2026-05-23T13:00:00+00:00,2026-05-23,10220.2276,20887079.14612,2043.7
Orderly,PERP_ETH_USDC,2026-05-23T13:00:00+00:00,2026-05-23,446.8686,913158.1093560001,2043.46
Hyperliquid,ETH,2026-05-23T14:00:00+00:00,2026-05-23,23629.6689,48686569.80156001,2060.4
Orderly,PERP_ETH_USDC,2026-05-23T14:00:00+00:00,2026-05-23,388.9096,801110.995944,2059.89
Hyperliquid,ETH,2026-05-23T15:00:00+00:00,2026-05-23,16737.1077,34461704.7543,2059.0
Orderly,PERP_ETH_USDC,2026-05-23T15:00:00+00:00,2026-05-23,357.0688,735208.2298880001,2059.01
Hyperliquid,ETH,2026-05-23T16:00:00+00:00,2026-05-23,7372.2418,15190504.2289,2060.5
Orderly,PERP_ETH_USDC,2026-05-23T16:00:00+00:00,2026-05-23,607.2808,1251119.90416,2060.2
Hyperliquid,ETH,2026-05-23T17:00:00+00:00,2026-05-23,6431.4319,13266114.580129998,2062.7
Orderly,PERP_ETH_USDC,2026-05-23T17:00:00+00:00,2026-05-23,212.8627,439018.67561499996,2062.45
Hyperliquid,ETH,2026-05-23T18:00:00+00:00,2026-05-23,24236.4962,50244680.27222,2073.1
Orderly,PERP_ETH_USDC,2026-05-23T18:00:00+00:00,2026-05-23,292.2806,605859.6873219999,2072.87
Hyperliquid,ETH,2026-05-23T19:00:00+00:00,2026-05-23,6939.0079,14407462.10277,2076.3
Orderly,PERP_ETH_USDC,2026-05-23T19:00:00+00:00,2026-05-23,76.191,158148.13488,2075.68
Hyperliquid,ETH,2026-05-23T20:00:00+00:00,2026-05-23,107401.1686,230418467.11444002,2145.4
Orderly,PERP_ETH_USDC,2026-05-23T20:00:00+00:00,2026-05-23,1295.0256,2777778.110976,2144.96
Hyperliquid,ETH,2026-05-23T21:00:00+00:00,2026-05-23,82783.038,175144073.49659997,2115.7
Orderly,PERP_ETH_USDC,2026-05-23T21:00:00+00:00,2026-05-23,1267.7096,2681712.88784,2115.4
Hyperliquid,ETH,2026-05-23T22:00:00+00:00,2026-05-23,58157.7837,123067686.08757,2116.1
Orderly,PERP_ETH_USDC,2026-05-23T22:00:00+00:00,2026-05-23,481.6193,1018672.9814299999,2115.1
Hyperliquid,ETH,2026-05-23T23:00:00+00:00,2026-05-23,14590.777,30885756.7536,2116.8
Orderly,PERP_ETH_USDC,2026-05-23T23:00:00+00:00,2026-05-23,309.324,654619.28796,2116.29
Hyperliquid,ETH,2026-05-24T00:00:00+00:00,2026-05-24,6111.3878,12948808.470640002,2118.8
Orderly,PERP_ETH_USDC,2026-05-24T00:00:00+00:00,2026-05-24,255.9669,542058.544461,2117.69
Hyperliquid,ETH,2026-05-24T01:00:00+00:00,2026-05-24,9665.5467,20507390.43339,2121.7
Orderly,PERP_ETH_USDC,2026-05-24T01:00:00+00:00,2026-05-24,151.2798,320843.276628,2120.86
Hyperliquid,ETH,2026-05-24T02:00:00+00:00,2026-05-24,3083.8418,6542987.147059999,2121.7
Orderly,PERP_ETH_USDC,2026-05-24T02:00:00+00:00,2026-05-24,140.9088,298884.473856,2121.12
Hyperliquid,ETH,2026-05-24T03:00:00+00:00,2026-05-24,6269.9939,13282355.077760002,2118.4
Orderly,PERP_ETH_USDC,2026-05-24T03:00:00+00:00,2026-05-24,197.946,419136.79877999995,2117.43
Hyperliquid,ETH,2026-05-24T04:00:00+00:00,2026-05-24,2115.912,4484675.483999999,2119.5
Orderly,PERP_ETH_USDC,2026-05-24T04:00:00+00:00,2026-05-24,146.0152,309406.20879999996,2119.0
Hyperliquid,ETH,2026-05-24T05:00:00+00:00,2026-05-24,2997.2738,6351522.90958,2119.1
Orderly,PERP_ETH_USDC,2026-05-24T05:00:00+00:00,2026-05-24,249.9595,529636.684955,2118.89
Hyperliquid,ETH,2026-05-24T06:00:00+00:00,2026-05-24,4490.3902,9552856.11148,2127.4
Orderly,PERP_ETH_USDC,2026-05-24T06:00:00+00:00,2026-05-24,259.5257,552016.354414,2127.02
Hyperliquid,ETH,2026-05-24T07:00:00+00:00,2026-05-24,2851.2365,6045476.75095,2120.3
Orderly,PERP_ETH_USDC,2026-05-24T07:00:00+00:00,2026-05-24,158.2791,335554.85758199997,2120.02
Hyperliquid,ETH,2026-05-24T08:00:00+00:00,2026-05-24,2248.335,4766245.3665000005,2119.9
Orderly,PERP_ETH_USDC,2026-05-24T08:00:00+00:00,2026-05-24,181.1373,383900.582247,2119.39
Hyperliquid,ETH,2026-05-24T09:00:00+00:00,2026-05-24,5549.308,11778961.160799999,2122.6
Orderly,PERP_ETH_USDC,2026-05-24T09:00:00+00:00,2026-05-24,63.5634,134894.24748,2122.2
Hyperliquid,ETH,2026-05-24T10:00:00+00:00,2026-05-24,7111.23,15085052.199000001,2121.3
Orderly,PERP_ETH_USDC,2026-05-24T10:00:00+00:00,2026-05-24,213.6604,453199.347648,2121.12
Hyperliquid,ETH,2026-05-24T11:00:00+00:00,2026-05-24,2017.7678,4287151.244659999,2124.7
Orderly,PERP_ETH_USDC,2026-05-24T11:00:00+00:00,2026-05-24,124.5235,264595.00421,2124.86
Hyperliquid,ETH,2026-05-24T12:00:00+00:00,2026-05-24,11207.6742,23751303.16464,2119.2
Orderly,PERP_ETH_USDC,2026-05-24T12:00:00+00:00,2026-05-24,307.0206,650524.457898,2118.83
Hyperliquid,ETH,2026-05-24T13:00:00+00:00,2026-05-24,7961.5349,16793265.564570002,2109.3
Orderly,PERP_ETH_USDC,2026-05-24T13:00:00+00:00,2026-05-24,836.9708,1765447.617564,2109.33
Hyperliquid,ETH,2026-05-24T14:00:00+00:00,2026-05-24,32861.2425,68906739.39825,2096.9
Orderly,PERP_ETH_USDC,2026-05-24T14:00:00+00:00,2026-05-24,594.8253,1247431.9296419998,2097.14
Hyperliquid,ETH,2026-05-24T15:00:00+00:00,2026-05-24,7719.906,16170115.1076,2094.6
Orderly,PERP_ETH_USDC,2026-05-24T15:00:00+00:00,2026-05-24,226.5765,474720.817035,2095.19
Hyperliquid,ETH,2026-05-24T16:00:00+00:00,2026-05-24,13781.9709,28979350.21143,2102.7
Orderly,PERP_ETH_USDC,2026-05-24T16:00:00+00:00,2026-05-24,370.5709,779132.728668,2102.52
Hyperliquid,ETH,2026-05-24T17:00:00+00:00,2026-05-24,5585.4424,11740599.9248,2102.0
Orderly,PERP_ETH_USDC,2026-05-24T17:00:00+00:00,2026-05-24,140.5177,295390.688232,2102.16
Hyperliquid,ETH,2026-05-24T18:00:00+00:00,2026-05-24,4472.412,9386698.3056,2098.8
Orderly,PERP_ETH_USDC,2026-05-24T18:00:00+00:00,2026-05-24,425.2245,892397.396925,2098.65
Hyperliquid,ETH,2026-05-24T19:00:00+00:00,2026-05-24,2687.6162,5643187.73514,2099.7
Orderly,PERP_ETH_USDC,2026-05-24T19:00:00+00:00,2026-05-24,530.0336,1113044.0583199998,2099.95
Hyperliquid,ETH,2026-05-24T20:00:00+00:00,2026-05-24,7332.776,15340167.391999999,2092.0
Orderly,PERP_ETH_USDC,2026-05-24T20:00:00+00:00,2026-05-24,473.548,990624.5321600001,2091.92
Hyperliquid,ETH,2026-05-24T21:00:00+00:00,2026-05-24,26670.052,55193672.614,2069.5
Orderly,PERP_ETH_USDC,2026-05-24T21:00:00+00:00,2026-05-24,798.5452,1652445.5532640002,2069.32
Hyperliquid,ETH,2026-05-24T22:00:00+00:00,2026-05-24,39324.6842,82227914.6622,2091.0
Orderly,PERP_ETH_USDC,2026-05-24T22:00:00+00:00,2026-05-24,778.268,1627677.47788,2091.41
Hyperliquid,ETH,2026-05-24T23:00:00+00:00,2026-05-24,8955.6871,18794404.94806,2098.6
Orderly,PERP_ETH_USDC,2026-05-24T23:00:00+00:00,2026-05-24,310.5555,651803.200065,2098.83
Hyperliquid,ETH,2026-05-25T00:00:00+00:00,2026-05-25,4791.9969,10081882.27791,2103.9
Orderly,PERP_ETH_USDC,2026-05-25T00:00:00+00:00,2026-05-25,314.5922,661876.821424,2103.92
Hyperliquid,ETH,2026-05-25T01:00:00+00:00,2026-05-25,9696.2503,20292312.62784,2092.8
Orderly,PERP_ETH_USDC,2026-05-25T01:00:00+00:00,2026-05-25,176.123,368613.1103899999,2092.93
Hyperliquid,ETH,2026-05-25T02:00:00+00:00,2026-05-25,30035.3573,62981140.72237,2096.9
Orderly,PERP_ETH_USDC,2026-05-25T02:00:00+00:00,2026-05-25,575.3939,1206531.9610320001,2096.88
Hyperliquid,ETH,2026-05-25T03:00:00+00:00,2026-05-25,12734.0014,26664998.931599997,2094.0
Orderly,PERP_ETH_USDC,2026-05-25T03:00:00+00:00,2026-05-25,168.1589,352210.497639,2094.51
Hyperliquid,ETH,2026-05-25T04:00:00+00:00,2026-05-25,8257.0998,17379543.65904,2104.8
Orderly,PERP_ETH_USDC,2026-05-25T04:00:00+00:00,2026-05-25,89.7163,188824.102284,2104.68
Hyperliquid,ETH,2026-05-25T05:00:00+00:00,2026-05-25,13482.0604,28404004.850720003,2106.8
Orderly,PERP_ETH_USDC,2026-05-25T05:00:00+00:00,2026-05-25,132.7051,279654.765434,2107.34
Hyperliquid,ETH,2026-05-25T06:00:00+00:00,2026-05-25,19339.419,40767495.252000004,2108.0
Orderly,PERP_ETH_USDC,2026-05-25T06:00:00+00:00,2026-05-25,309.0892,651584.760736,2108.08
Hyperliquid,ETH,2026-05-25T07:00:00+00:00,2026-05-25,8708.2457,18417939.6555,2115.0
Orderly,PERP_ETH_USDC,2026-05-25T07:00:00+00:00,2026-05-25,274.9433,581505.0795,2115.0
Hyperliquid,ETH,2026-05-25T08:00:00+00:00,2026-05-25,2760.4287,5840239.000589999,2115.7
Orderly,PERP_ETH_USDC,2026-05-25T08:00:00+00:00,2026-05-25,78.1354,165309.503072,2115.68
Hyperliquid,ETH,2026-05-25T09:00:00+00:00,2026-05-25,4877.1902,10318671.30614,2115.7
Orderly,PERP_ETH_USDC,2026-05-25T09:00:00+00:00,2026-05-25,155.7092,329538.279604,2116.37
Hyperliquid,ETH,2026-05-25T10:00:00+00:00,2026-05-25,5446.2956,11524906.11916,2116.1
Orderly,PERP_ETH_USDC,2026-05-25T10:00:00+00:00,2026-05-25,223.4517,472872.95657399995,2116.22
Hyperliquid,ETH,2026-05-25T11:00:00+00:00,2026-05-25,3078.241,6507093.649900001,2113.9
Orderly,PERP_ETH_USDC,2026-05-25T11:00:00+00:00,2026-05-25,259.3689,548445.913806,2114.54
Hyperliquid,ETH,2026-05-25T12:00:00+00:00,2026-05-25,5715.6303,12096559.96692,2116.4
Orderly,PERP_ETH_USDC,2026-05-25T12:00:00+00:00,2026-05-25,141.0955,298656.84484999994,2116.7
Hyperliquid,ETH,2026-05-25T13:00:00+00:00,2026-05-25,3289.7357,6959435.87335,2115.5
Orderly,PERP_ETH_USDC,2026-05-25T13:00:00+00:00,2026-05-25,105.3477,222891.503229,2115.77
Hyperliquid,ETH,2026-05-25T14:00:00+00:00,2026-05-25,15101.1972,32130817.28244,2127.7
Orderly,PERP_ETH_USDC,2026-05-25T14:00:00+00:00,2026-05-25,569.6603,1212168.7591640002,2127.88
Hyperliquid,ETH,2026-05-25T15:00:00+00:00,2026-05-25,28061.3428,59661220.92708,2126.1
Orderly,PERP_ETH_USDC,2026-05-25T15:00:00+00:00,2026-05-25,3720.3839,7908903.706137,2125.83
Hyperliquid,ETH,2026-05-25T16:00:00+00:00,2026-05-25,8109.4396,17318519.20976,2135.6
Orderly,PERP_ETH_USDC,2026-05-25T16:00:00+00:00,2026-05-25,631.0235,1347399.2386100001,2135.26
Hyperliquid,ETH,2026-05-25T17:00:00+00:00,2026-05-25,4198.0079,8932941.01041,2127.9
Orderly,PERP_ETH_USDC,2026-05-25T17:00:00+00:00,2026-05-25,543.2067,1155710.278719,2127.57
Hyperliquid,ETH,2026-05-25T18:00:00+00:00,2026-05-25,3961.788,8423157.4668,2126.1
Orderly,PERP_ETH_USDC,2026-05-25T18:00:00+00:00,2026-05-25,651.3718,1384842.501672,2126.04
Hyperliquid,ETH,2026-05-25T19:00:00+00:00,2026-05-25,11672.0894,24752999.99058,2120.7
Orderly,PERP_ETH_USDC,2026-05-25T19:00:00+00:00,2026-05-25,559.1707,1186006.6464070003,2121.01
Hyperliquid,ETH,2026-05-25T20:00:00+00:00,2026-05-25,12728.0549,26821830.09077,2107.3
Orderly,PERP_ETH_USDC,2026-05-25T20:00:00+00:00,2026-05-25,2036.3939,4293838.357845,2108.55
Hyperliquid,ETH,2026-05-25T21:00:00+00:00,2026-05-25,3817.2573,8053649.451540001,2109.8
Orderly,PERP_ETH_USDC,2026-05-25T21:00:00+00:00,2026-05-25,641.0011,1353089.22199,2110.9
Hyperliquid,ETH,2026-05-25T22:00:00+00:00,2026-05-25,13374.393,28119661.2825,2102.5
Orderly,PERP_ETH_USDC,2026-05-25T22:00:00+00:00,2026-05-25,185.9168,391090.86214399996,2103.58
Hyperliquid,ETH,2026-05-25T23:00:00+00:00,2026-05-25,21296.4919,44986709.48956,2112.4
Orderly,PERP_ETH_USDC,2026-05-25T23:00:00+00:00,2026-05-25,85.1461,179878.799399,2112.59
Hyperliquid,ETH,2026-05-26T00:00:00+00:00,2026-05-26,47900.5163,100461752.83599001,2097.3
Orderly,PERP_ETH_USDC,2026-05-26T00:00:00+00:00,2026-05-26,419.7869,880578.584392,2097.68
Hyperliquid,ETH,2026-05-26T01:00:00+00:00,2026-05-26,25356.633,53094253.838700004,2093.9
Orderly,PERP_ETH_USDC,2026-05-26T01:00:00+00:00,2026-05-26,327.9158,686737.66415,2094.25
Hyperliquid,ETH,2026-05-26T02:00:00+00:00,2026-05-26,19951.2429,41660190.29949,2088.1
Orderly,PERP_ETH_USDC,2026-05-26T02:00:00+00:00,2026-05-26,110.7149,231254.640226,2088.74
Hyperliquid,ETH,2026-05-26T03:00:00+00:00,2026-05-26,3796.6946,7944583.450499999,2092.5
Orderly,PERP_ETH_USDC,2026-05-26T03:00:00+00:00,2026-05-26,87.4087,182949.031361,2093.03
Hyperliquid,ETH,2026-05-26T04:00:00+00:00,2026-05-26,5764.6822,12065479.8446,2093.0
Orderly,PERP_ETH_USDC,2026-05-26T04:00:00+00:00,2026-05-26,66.3381,138879.475731,2093.51
Hyperliquid,ETH,2026-05-26T05:00:00+00:00,2026-05-26,3647.4421,7659993.15421,2100.1
Orderly,PERP_ETH_USDC,2026-05-26T05:00:00+00:00,2026-05-26,102.6871,215687.065453,2100.43
Hyperliquid,ETH,2026-05-26T06:00:00+00:00,2026-05-26,2687.4161,5645723.742880001,2100.8
Orderly,PERP_ETH_USDC,2026-05-26T06:00:00+00:00,2026-05-26,121.1744,254632.248928,2101.37
Hyperliquid,ETH,2026-05-26T07:00:00+00:00,2026-05-26,9328.2124,19539806.51428,2094.7
Orderly,PERP_ETH_USDC,2026-05-26T07:00:00+00:00,2026-05-26,323.0593,676996.607894,2095.58
Hyperliquid,ETH,2026-05-26T08:00:00+00:00,2026-05-26,4711.2588,9876211.82244,2096.3
Orderly,PERP_ETH_USDC,2026-05-26T08:00:00+00:00,2026-05-26,96.6033,202579.052166,2097.02
Hyperliquid,ETH,2026-05-26T09:00:00+00:00,2026-05-26,2683.3143,5623958.44137,2095.9
Orderly,PERP_ETH_USDC,2026-05-26T09:00:00+00:00,2026-05-26,195.8003,410422.882839,2096.13
Hyperliquid,ETH,2026-05-26T10:00:00+00:00,2026-05-26,37863.7619,80528648.80892,2126.8
Orderly,PERP_ETH_USDC,2026-05-26T10:00:00+00:00,2026-05-26,907.5967,1930349.2692960002,2126.88
Hyperliquid,ETH,2026-05-26T11:00:00+00:00,2026-05-26,15974.5304,33864406.99496,2119.9
Orderly,PERP_ETH_USDC,2026-05-26T11:00:00+00:00,2026-05-26,383.4078,813012.4058219999,2120.49
Hyperliquid,ETH,2026-05-26T12:00:00+00:00,2026-05-26,6284.5421,13358422.68776,2125.6
Orderly,PERP_ETH_USDC,2026-05-26T12:00:00+00:00,2026-05-26,1360.0797,2891311.829448,2125.84
Hyperliquid,ETH,2026-05-26T13:00:00+00:00,2026-05-26,17350.9001,36856781.992419995,2124.2
Orderly,PERP_ETH_USDC,2026-05-26T13:00:00+00:00,2026-05-26,719.0896,1527669.9007199998,2124.45
Hyperliquid,ETH,2026-05-26T14:00:00+00:00,2026-05-26,48955.7411,103218284.53524001,2108.4
Orderly,PERP_ETH_USDC,2026-05-26T14:00:00+00:00,2026-05-26,3641.1098,7679319.034788,2109.06
Hyperliquid,ETH,2026-05-26T15:00:00+00:00,2026-05-26,38022.9093,79330997.96352,2086.4
Orderly,PERP_ETH_USDC,2026-05-26T15:00:00+00:00,2026-05-26,1092.1603,2278683.2499200003,2086.4
Hyperliquid,ETH,2026-05-26T16:00:00+00:00,2026-05-26,22329.113,46408828.4592,2078.4
Orderly,PERP_ETH_USDC,2026-05-26T16:00:00+00:00,2026-05-26,289.3747,601604.2138060001,2078.98
Hyperliquid,ETH,2026-05-26T17:00:00+00:00,2026-05-26,24549.0465,50816526.255,2070.0
Orderly,PERP_ETH_USDC,2026-05-26T17:00:00+00:00,2026-05-26,828.3741,1714709.5357769998,2069.97
Hyperliquid,ETH,2026-05-26T18:00:00+00:00,2026-05-26,13876.067,28690156.129199997,2067.6
Orderly,PERP_ETH_USDC,2026-05-26T18:00:00+00:00,2026-05-26,172.5284,356640.356776,2067.14
Hyperliquid,ETH,2026-05-26T19:00:00+00:00,2026-05-26,8157.8514,16913673.30762,2073.3
Orderly,PERP_ETH_USDC,2026-05-26T19:00:00+00:00,2026-05-26,471.1934,976939.412022,2073.33
Hyperliquid,ETH,2026-05-26T20:00:00+00:00,2026-05-26,13787.8551,28640132.61372,2077.2
Orderly,PERP_ETH_USDC,2026-05-26T20:00:00+00:00,2026-05-26,285.3996,592823.487132,2077.17
Hyperliquid,ETH,2026-05-26T21:00:00+00:00,2026-05-26,5325.4509,11033269.17462,2071.8
Orderly,PERP_ETH_USDC,2026-05-26T21:00:00+00:00,2026-05-26,40.7735,84478.20691499999,2071.89
Hyperliquid,ETH,2026-05-26T22:00:00+00:00,2026-05-26,6625.3235,13698518.8686,2067.6
Orderly,PERP_ETH_USDC,2026-05-26T22:00:00+00:00,2026-05-26,140.6719,290946.063894,2068.26
Hyperliquid,ETH,2026-05-26T23:00:00+00:00,2026-05-26,2732.7424,5663881.89824,2072.6
Orderly,PERP_ETH_USDC,2026-05-26T23:00:00+00:00,2026-05-26,37.7753,78290.064756,2072.52
Hyperliquid,ETH,2026-05-27T00:00:00+00:00,2026-05-27,4752.2834,9894729.26714,2082.1
Orderly,PERP_ETH_USDC,2026-05-27T00:00:00+00:00,2026-05-27,79.179,164868.88917,2082.23
Hyperliquid,ETH,2026-05-27T01:00:00+00:00,2026-05-27,10340.2779,21437464.142279997,2073.2
Orderly,PERP_ETH_USDC,2026-05-27T01:00:00+00:00,2026-05-27,112.143,232556.54625,2073.75
Hyperliquid,ETH,2026-05-27T02:00:00+00:00,2026-05-27,4569.7966,9482327.944999998,2075.0
Orderly,PERP_ETH_USDC,2026-05-27T02:00:00+00:00,2026-05-27,39.9963,83013.120576,2075.52
Hyperliquid,ETH,2026-05-27T03:00:00+00:00,2026-05-27,6794.0365,14054143.9039,2068.6
Orderly,PERP_ETH_USDC,2026-05-27T03:00:00+00:00,2026-05-27,106.7982,220993.243332,2069.26
Hyperliquid,ETH,2026-05-27T04:00:00+00:00,2026-05-27,17713.3441,36686106.965509996,2071.1
Orderly,PERP_ETH_USDC,2026-05-27T04:00:00+00:00,2026-05-27,301.142,623665.0819999999,2071.0
Hyperliquid,ETH,2026-05-27T05:00:00+00:00,2026-05-27,6954.9595,14439886.9139,2076.2
Orderly,PERP_ETH_USDC,2026-05-27T05:00:00+00:00,2026-05-27,116.0912,240984.434784,2075.82
Hyperliquid,ETH,2026-05-27T06:00:00+00:00,2026-05-27,7665.0224,15932515.56064,2078.6
Orderly,PERP_ETH_USDC,2026-05-27T06:00:00+00:00,2026-05-27,171.1558,355695.98355999996,2078.2
Hyperliquid,ETH,2026-05-27T07:00:00+00:00,2026-05-27,7779.9951,16204951.793790001,2082.9
Orderly,PERP_ETH_USDC,2026-05-27T07:00:00+00:00,2026-05-27,165.9898,345640.56054000003,2082.3
Hyperliquid,ETH,2026-05-27T08:00:00+00:00,2026-05-27,11649.8032,24278189.8688,2084.0
Orderly,PERP_ETH_USDC,2026-05-27T08:00:00+00:00,2026-05-27,343.7065,716304.9683899999,2084.06
Hyperliquid,ETH,2026-05-27T09:00:00+00:00,2026-05-27,6419.6867,13368997.55275,2082.5
Orderly,PERP_ETH_USDC,2026-05-27T09:00:00+00:00,2026-05-27,213.0678,443715.82417800004,2082.51
Hyperliquid,ETH,2026-05-27T10:00:00+00:00,2026-05-27,10533.805,21896620.4535,2078.7
Orderly,PERP_ETH_USDC,2026-05-27T10:00:00+00:00,2026-05-27,112.0,232842.39999999997,2078.95
Hyperliquid,ETH,2026-05-27T11:00:00+00:00,2026-05-27,8490.1685,17657003.429449998,2079.7
Orderly,PERP_ETH_USDC,2026-05-27T11:00:00+00:00,2026-05-27,173.857,361464.35013000004,2079.09
Hyperliquid,ETH,2026-05-27T12:00:00+00:00,2026-05-27,23530.0207,48895383.0146,2078.0
Orderly,PERP_ETH_USDC,2026-05-27T12:00:00+00:00,2026-05-27,850.8309,1767643.7362950002,2077.55
Hyperliquid,ETH,2026-05-27T13:00:00+00:00,2026-05-27,41248.1528,85127937.74864002,2063.8
Orderly,PERP_ETH_USDC,2026-05-27T13:00:00+00:00,2026-05-27,1300.7148,2683504.70388,2063.1
Hyperliquid,ETH,2026-05-27T14:00:00+00:00,2026-05-27,18336.955,37808967.51450001,2061.9
Orderly,PERP_ETH_USDC,2026-05-27T14:00:00+00:00,2026-05-27,404.0631,833109.421473,2061.83
Hyperliquid,ETH,2026-05-27T15:00:00+00:00,2026-05-27,17578.1203,36402529.32927,2070.9
Orderly,PERP_ETH_USDC,2026-05-27T15:00:00+00:00,2026-05-27,320.6334,663791.29635,2070.25
Hyperliquid,ETH,2026-05-27T16:00:00+00:00,2026-05-27,10925.8055,22613139.643349998,2069.7
Orderly,PERP_ETH_USDC,2026-05-27T16:00:00+00:00,2026-05-27,119.9341,248167.63971999998,2069.2
Hyperliquid,ETH,2026-05-27T17:00:00+00:00,2026-05-27,15982.4663,32783234.87456,2051.2
Orderly,PERP_ETH_USDC,2026-05-27T17:00:00+00:00,2026-05-27,352.1922,722310.9829800001,2050.9
Hyperliquid,ETH,2026-05-27T18:00:00+00:00,2026-05-27,20682.9546,42515881.47576,2055.6
Orderly,PERP_ETH_USDC,2026-05-27T18:00:00+00:00,2026-05-27,323.2776,664361.330208,2055.08
Hyperliquid,ETH,2026-05-27T19:00:00+00:00,2026-05-27,6489.6568,13347277.140559997,2056.7
Orderly,PERP_ETH_USDC,2026-05-27T19:00:00+00:00,2026-05-27,121.6384,250092.19955200003,2056.03
Hyperliquid,ETH,2026-05-27T20:00:00+00:00,2026-05-27,13077.2395,26971806.46875,2062.5
Orderly,PERP_ETH_USDC,2026-05-27T20:00:00+00:00,2026-05-27,62.9812,129843.301544,2061.62
Hyperliquid,ETH,2026-05-27T21:00:00+00:00,2026-05-27,48544.3809,98069358.29417999,2020.2
Orderly,PERP_ETH_USDC,2026-05-27T21:00:00+00:00,2026-05-27,2767.1407,5587133.78737,2019.1
Hyperliquid,ETH,2026-05-27T22:00:00+00:00,2026-05-27,42324.89,85678274.82699999,2024.3
Orderly,PERP_ETH_USDC,2026-05-27T22:00:00+00:00,2026-05-27,243.9532,493588.070028,2023.29
Hyperliquid,ETH,2026-05-27T23:00:00+00:00,2026-05-27,23570.2848,47703899.406720005,2023.9
Orderly,PERP_ETH_USDC,2026-05-27T23:00:00+00:00,2026-05-27,686.6021,1389408.00956,2023.6
Hyperliquid,ETH,2026-05-28T00:00:00+00:00,2026-05-28,11225.8842,22760480.2155,2027.5
Orderly,PERP_ETH_USDC,2026-05-28T00:00:00+00:00,2026-05-28,222.5272,451087.112392,2027.11
Hyperliquid,ETH,2026-05-28T01:00:00+00:00,2026-05-28,15531.5562,31358211.967800003,2019.0
Orderly,PERP_ETH_USDC,2026-05-28T01:00:00+00:00,2026-05-28,1018.9446,2056444.1811660002,2018.21
Hyperliquid,ETH,2026-05-28T02:00:00+00:00,2026-05-28,10837.3475,21855678.70325,2016.7
Orderly,PERP_ETH_USDC,2026-05-28T02:00:00+00:00,2026-05-28,324.8503,654797.501207,2015.69
Hyperliquid,ETH,2026-05-28T03:00:00+00:00,2026-05-28,76099.5754,150715209.0797,1980.5
Orderly,PERP_ETH_USDC,2026-05-28T03:00:00+00:00,2026-05-28,4103.286,8122044.3084,1979.4
Hyperliquid,ETH,2026-05-28T04:00:00+00:00,2026-05-28,30098.6652,59631475.49424,1981.2
Orderly,PERP_ETH_USDC,2026-05-28T04:00:00+00:00,2026-05-28,894.3105,1770377.0658,1979.6
Hyperliquid,ETH,2026-05-28T05:00:00+00:00,2026-05-28,17461.1227,34529370.13925,1977.5
Orderly,PERP_ETH_USDC,2026-05-28T05:00:00+00:00,2026-05-28,204.2029,403545.77098000003,1976.2
Hyperliquid,ETH,2026-05-28T06:00:00+00:00,2026-05-28,13196.3971,26171094.728720002,1983.2
Orderly,PERP_ETH_USDC,2026-05-28T06:00:00+00:00,2026-05-28,155.5589,308260.183007,1981.63
Hyperliquid,ETH,2026-05-28T07:00:00+00:00,2026-05-28,13274.6141,26472235.43822,1994.2
Orderly,PERP_ETH_USDC,2026-05-28T07:00:00+00:00,2026-05-28,258.1437,514366.81087200006,1992.56
Hyperliquid,ETH,2026-05-28T08:00:00+00:00,2026-05-28,7027.9075,13964452.2025,1987.0
Orderly,PERP_ETH_USDC,2026-05-28T08:00:00+00:00,2026-05-28,173.9252,345338.92011199996,1985.56
Hyperliquid,ETH,2026-05-28T09:00:00+00:00,2026-05-28,4963.6993,9891163.595110001,1992.7
Orderly,PERP_ETH_USDC,2026-05-28T09:00:00+00:00,2026-05-28,86.4588,172194.804432,1991.64
Hyperliquid,ETH,2026-05-28T10:00:00+00:00,2026-05-28,7447.7842,14813642.7738,1989.0
Orderly,PERP_ETH_USDC,2026-05-28T10:00:00+00:00,2026-05-28,179.3521,356535.833111,1987.91
Hyperliquid,ETH,2026-05-28T11:00:00+00:00,2026-05-28,5375.492,10690240.9404,1988.7
Orderly,PERP_ETH_USDC,2026-05-28T11:00:00+00:00,2026-05-28,105.5857,209873.751747,1987.71
Hyperliquid,ETH,2026-05-28T12:00:00+00:00,2026-05-28,10895.6382,21695394.78384,1991.2
Orderly,PERP_ETH_USDC,2026-05-28T12:00:00+00:00,2026-05-28,185.5348,369127.050644,1989.53
Hyperliquid,ETH,2026-05-28T13:00:00+00:00,2026-05-28,24006.468,47547210.5208,1980.6
Orderly,PERP_ETH_USDC,2026-05-28T13:00:00+00:00,2026-05-28,891.5341,1764595.6134479998,1979.28
Hyperliquid,ETH,2026-05-28T14:00:00+00:00,2026-05-28,76161.3344,151766691.05888003,1992.7
Orderly,PERP_ETH_USDC,2026-05-28T14:00:00+00:00,2026-05-28,1721.8642,3428868.711954,1991.37
Hyperliquid,ETH,2026-05-28T15:00:00+00:00,2026-05-28,11197.6483,22279960.82251,1989.7
Orderly,PERP_ETH_USDC,2026-05-28T15:00:00+00:00,2026-05-28,247.8475,492889.3663,1988.68
Hyperliquid,ETH,2026-05-28T16:00:00+00:00,2026-05-28,39698.5147,79901200.53669,2012.7
Orderly,PERP_ETH_USDC,2026-05-28T16:00:00+00:00,2026-05-28,354.1284,712212.414228,2011.17
Hyperliquid,ETH,2026-05-28T17:00:00+00:00,2026-05-28,35389.1309,71447116.37401,2018.9
Orderly,PERP_ETH_USDC,2026-05-28T17:00:00+00:00,2026-05-28,117.5038,237042.765816,2017.32
Hyperliquid,ETH,2026-05-28T18:00:00+00:00,2026-05-28,18503.8833,37461111.74085,2024.5
Orderly,PERP_ETH_USDC,2026-05-28T18:00:00+00:00,2026-05-28,121.442,245678.38041999997,2023.01
Hyperliquid,ETH,2026-05-28T19:00:00+00:00,2026-05-28,17874.032,35987576.0288,2013.4
Orderly,PERP_ETH_USDC,2026-05-28T19:00:00+00:00,2026-05-28,391.8113,788343.9261650001,2012.05
Hyperliquid,ETH,2026-05-28T20:00:00+00:00,2026-05-28,25223.2102,50789456.05872,2013.6
Orderly,PERP_ETH_USDC,2026-05-28T20:00:00+00:00,2026-05-28,233.9743,470789.048002,2012.14
Hyperliquid,ETH,2026-05-28T21:00:00+00:00,2026-05-28,6825.4604,13784699.82384,2019.6
Orderly,PERP_ETH_USDC,2026-05-28T21:00:00+00:00,2026-05-28,354.9563,716323.110778,2018.06
Hyperliquid,ETH,2026-05-28T22:00:00+00:00,2026-05-28,10918.7295,21892052.647499997,2005.0
Orderly,PERP_ETH_USDC,2026-05-28T22:00:00+00:00,2026-05-28,805.7223,1614449.944179,2003.73
Hyperliquid,ETH,2026-05-28T23:00:00+00:00,2026-05-28,2263.5474,4547919.43608,2009.2
Orderly,PERP_ETH_USDC,2026-05-28T23:00:00+00:00,2026-05-28,74.7965,150189.12810499998,2007.97
Hyperliquid,ETH,2026-05-29T00:00:00+00:00,2026-05-29,19913.7421,40068440.47941,2012.1
Orderly,PERP_ETH_USDC,2026-05-29T00:00:00+00:00,2026-05-29,343.439,690556.23169,2010.71
Hyperliquid,ETH,2026-05-29T01:00:00+00:00,2026-05-29,5162.2525,10364254.34425,2007.7
Orderly,PERP_ETH_USDC,2026-05-29T01:00:00+00:00,2026-05-29,83.1762,166894.708824,2006.52
Hyperliquid,ETH,2026-05-29T02:00:00+00:00,2026-05-29,8723.8861,17437303.536679998,1998.8
Orderly,PERP_ETH_USDC,2026-05-29T02:00:00+00:00,2026-05-29,155.1176,309827.240712,1997.37
Hyperliquid,ETH,2026-05-29T03:00:00+00:00,2026-05-29,3627.1684,7262679.28732,2002.3
Orderly,PERP_ETH_USDC,2026-05-29T03:00:00+00:00,2026-05-29,96.8622,193814.481846,2000.93
Hyperliquid,ETH,2026-05-29T04:00:00+00:00,2026-05-29,9058.5983,18189665.3864,2008.0
Orderly,PERP_ETH_USDC,2026-05-29T04:00:00+00:00,2026-05-29,67.6667,135763.760212,2006.36
Hyperliquid,ETH,2026-05-29T05:00:00+00:00,2026-05-29,10076.3203,20294716.716229998,2014.1
Orderly,PERP_ETH_USDC,2026-05-29T05:00:00+00:00,2026-05-29,110.0754,221567.470398,2012.87
Hyperliquid,ETH,2026-05-29T06:00:00+00:00,2026-05-29,12426.2377,25072419.80729,2017.7
Orderly,PERP_ETH_USDC,2026-05-29T06:00:00+00:00,2026-05-29,62.5619,126146.06144599999,2016.34
Hyperliquid,ETH,2026-05-29T07:00:00+00:00,2026-05-29,10034.1536,20139549.69056,2007.1
Orderly,PERP_ETH_USDC,2026-05-29T07:00:00+00:00,2026-05-29,115.0116,230635.061712,2005.32
Hyperliquid,ETH,2026-05-29T08:00:00+00:00,2026-05-29,5286.6894,10602984.260639999,2005.6
Orderly,PERP_ETH_USDC,2026-05-29T08:00:00+00:00,2026-05-29,50.0174,100263.879692,2004.58
Hyperliquid,ETH,2026-05-29T09:00:00+00:00,2026-05-29,5459.4559,10996436.07378,2014.2
Orderly,PERP_ETH_USDC,2026-05-29T09:00:00+00:00,2026-05-29,54.8211,110357.615355,2013.05
Hyperliquid,ETH,2026-05-29T10:00:00+00:00,2026-05-29,2655.1036,5338616.8085199995,2010.7
Orderly,PERP_ETH_USDC,2026-05-29T10:00:00+00:00,2026-05-29,26.1353,52517.578585,2009.45
Hyperliquid,ETH,2026-05-29T11:00:00+00:00,2026-05-29,10471.5002,21014206.60136,2006.8
Orderly,PERP_ETH_USDC,2026-05-29T11:00:00+00:00,2026-05-29,186.9387,374901.824076,2005.48
Hyperliquid,ETH,2026-05-29T12:00:00+00:00,2026-05-29,11956.3913,23902021.847829998,1999.1
Orderly,PERP_ETH_USDC,2026-05-29T12:00:00+00:00,2026-05-29,250.9672,501455.05264799995,1998.09
Hyperliquid,ETH,2026-05-29T13:00:00+00:00,2026-05-29,21126.1152,42224766.45024,1998.7
Orderly,PERP_ETH_USDC,2026-05-29T13:00:00+00:00,2026-05-29,634.1878,1266675.976696,1997.32
Hyperliquid,ETH,2026-05-29T14:00:00+00:00,2026-05-29,33306.8187,66643613.53683001,2000.9
Orderly,PERP_ETH_USDC,2026-05-29T14:00:00+00:00,2026-05-29,546.0487,1091802.533702,1999.46
Hyperliquid,ETH,2026-05-29T15:00:00+00:00,2026-05-29,148105.1321,300801523.2951,2031.0
Orderly,PERP_ETH_USDC,2026-05-29T15:00:00+00:00,2026-05-29,2005.1565,4070006.509005,2029.77
Hyperliquid,ETH,2026-05-29T16:00:00+00:00,2026-05-29,45421.8432,92669644.49664001,2040.2
Orderly,PERP_ETH_USDC,2026-05-29T16:00:00+00:00,2026-05-29,329.8698,672505.56126,2038.7
Hyperliquid,ETH,2026-05-29T17:00:00+00:00,2026-05-29,42864.4008,86907572.62200001,2027.5
Orderly,PERP_ETH_USDC,2026-05-29T17:00:00+00:00,2026-05-29,198.0832,401364.103168,2026.24
Hyperliquid,ETH,2026-05-29T18:00:00+00:00,2026-05-29,29354.0459,59016309.281950004,2010.5
Orderly,PERP_ETH_USDC,2026-05-29T18:00:00+00:00,2026-05-29,115.3222,231758.412452,2009.66
Hyperliquid,ETH,2026-05-29T19:00:00+00:00,2026-05-29,22463.1721,45290247.58802,2016.2
Orderly,PERP_ETH_USDC,2026-05-29T19:00:00+00:00,2026-05-29,100.2096,202044.599712,2016.22
Hyperliquid,ETH,2026-05-29T20:00:00+00:00,2026-05-29,3722.7765,7509584.7558,2017.2
Orderly,PERP_ETH_USDC,2026-05-29T20:00:00+00:00,2026-05-29,37.6338,75897.589812,2016.74
Hyperliquid,ETH,2026-05-29T21:00:00+00:00,2026-05-29,8905.7329,17887164.529650003,2008.5
Orderly,PERP_ETH_USDC,2026-05-29T21:00:00+00:00,2026-05-29,90.8399,182374.72523500002,2007.65
Hyperliquid,ETH,2026-05-29T22:00:00+00:00,2026-05-29,6087.4312,12252781.51936,2012.8
Orderly,PERP_ETH_USDC,2026-05-29T22:00:00+00:00,2026-05-29,79.6094,160177.297176,2012.04
Hyperliquid,ETH,2026-05-29T23:00:00+00:00,2026-05-29,3708.126,7467053.326200001,2013.7
Orderly,PERP_ETH_USDC,2026-05-29T23:00:00+00:00,2026-05-29,40.3155,81139.78160999999,2012.62
Hyperliquid,ETH,2026-05-30T00:00:00+00:00,2026-05-30,2439.2103,4912325.6231700005,2013.9
Orderly,PERP_ETH_USDC,2026-05-30T00:00:00+00:00,2026-05-30,192.9551,388420.54585099994,2013.01
Hyperliquid,ETH,2026-05-30T01:00:00+00:00,2026-05-30,7216.087,14567836.435600001,2018.8
Orderly,PERP_ETH_USDC,2026-05-30T01:00:00+00:00,2026-05-30,120.251,242632.84772000002,2017.72
Hyperliquid,ETH,2026-05-30T02:00:00+00:00,2026-05-30,2027.9959,4097565.7159499996,2020.5
Orderly,PERP_ETH_USDC,2026-05-30T02:00:00+00:00,2026-05-30,54.0475,109161.89765,2019.74
Hyperliquid,ETH,2026-05-30T03:00:00+00:00,2026-05-30,7144.1356,14402577.3696,2016.0
Orderly,PERP_ETH_USDC,2026-05-30T03:00:00+00:00,2026-05-30,65.0227,131034.395267,2015.21
Hyperliquid,ETH,2026-05-30T04:00:00+00:00,2026-05-30,28988.0854,58268950.46254,2010.1
Orderly,PERP_ETH_USDC,2026-05-30T04:00:00+00:00,2026-05-30,505.7872,1016166.9477759999,2009.08
Hyperliquid,ETH,2026-05-30T05:00:00+00:00,2026-05-30,4359.0521,8784361.79192,2015.2
Orderly,PERP_ETH_USDC,2026-05-30T05:00:00+00:00,2026-05-30,403.9857,813780.714366,2014.38
Hyperliquid,ETH,2026-05-30T06:00:00+00:00,2026-05-30,11302.0986,22788421.407179996,2016.3
Orderly,PERP_ETH_USDC,2026-05-30T06:00:00+00:00,2026-05-30,106.9139,215503.140813,2015.67
Hyperliquid,ETH,2026-05-30T07:00:00+00:00,2026-05-30,785.2779,1582492.0240800001,2015.2
Orderly,PERP_ETH_USDC,2026-05-30T07:00:00+00:00,2026-05-30,25.3791,51128.227278,2014.58
Hyperliquid,ETH,2026-05-30T08:00:00+00:00,2026-05-30,2144.3034,4317340.465559999,2013.4
Orderly,PERP_ETH_USDC,2026-05-30T08:00:00+00:00,2026-05-30,26.3209,52972.127295000006,2012.55
Hyperliquid,ETH,2026-05-30T09:00:00+00:00,2026-05-30,3969.1657,8001441.13463,2015.9
Orderly,PERP_ETH_USDC,2026-05-30T09:00:00+00:00,2026-05-30,181.395,365505.48315000004,2014.97
Hyperliquid,ETH,2026-05-30T10:00:00+00:00,2026-05-30,6581.537,13274960.129,2017.0
Orderly,PERP_ETH_USDC,2026-05-30T10:00:00+00:00,2026-05-30,64.1737,129375.462674,2016.02
Hyperliquid,ETH,2026-05-30T11:00:00+00:00,2026-05-30,2315.0849,4668600.20934,2016.6
Orderly,PERP_ETH_USDC,2026-05-30T11:00:00+00:00,2026-05-30,346.2073,697888.1374129999,2015.81
Hyperliquid,ETH,2026-05-30T12:00:00+00:00,2026-05-30,1000.9706,2021259.93258,2019.3
Orderly,PERP_ETH_USDC,2026-05-30T12:00:00+00:00,2026-05-30,167.3265,337700.015565,2018.21
Hyperliquid,ETH,2026-05-30T13:00:00+00:00,2026-05-30,2924.8294,5908155.388,2020.0
Orderly,PERP_ETH_USDC,2026-05-30T13:00:00+00:00,2026-05-30,134.6029,271784.791564,2019.16
Hyperliquid,ETH,2026-05-30T14:00:00+00:00,2026-05-30,20164.6767,40859684.39721,2026.3
Orderly,PERP_ETH_USDC,2026-05-30T14:00:00+00:00,2026-05-30,262.5282,531567.09936,2024.8
Hyperliquid,ETH,2026-05-30T15:00:00+00:00,2026-05-30,54422.8661,110266169.00521,2026.1
Orderly,PERP_ETH_USDC,2026-05-30T15:00:00+00:00,2026-05-30,128.9395,261038.01775000003,2024.5
Hyperliquid,ETH,2026-05-30T16:00:00+00:00,2026-05-30,8422.5347,17068266.56955,2026.5
Orderly,PERP_ETH_USDC,2026-05-30T16:00:00+00:00,2026-05-30,56.0389,113493.342614,2025.26
Hyperliquid,ETH,2026-05-30T17:00:00+00:00,2026-05-30,5595.9584,11339090.50592,2026.3
Orderly,PERP_ETH_USDC,2026-05-30T17:00:00+00:00,2026-05-30,94.3896,191153.09844,2025.15
Hyperliquid,ETH,2026-05-30T18:00:00+00:00,2026-05-30,2024.584,4103426.8512,2026.8
Orderly,PERP_ETH_USDC,2026-05-30T18:00:00+00:00,2026-05-30,224.6494,455002.64826600003,2025.39
Hyperliquid,ETH,2026-05-30T19:00:00+00:00,2026-05-30,3123.0283,6333189.08957,2027.9
Orderly,PERP_ETH_USDC,2026-05-30T19:00:00+00:00,2026-05-30,132.87,269292.9438,2026.74
Hyperliquid,ETH,2026-05-30T20:00:00+00:00,2026-05-30,3148.5318,6380499.6927000005,2026.5
Orderly,PERP_ETH_USDC,2026-05-30T20:00:00+00:00,2026-05-30,52.0044,105306.30978,2024.95
Hyperliquid,ETH,2026-05-30T21:00:00+00:00,2026-05-30,9252.7602,18761821.85754,2027.7
Orderly,PERP_ETH_USDC,2026-05-30T21:00:00+00:00,2026-05-30,160.3763,324904.742407,2025.89
Hyperliquid,ETH,2026-05-30T22:00:00+00:00,2026-05-30,3904.5943,7897041.9717500005,2022.5
Orderly,PERP_ETH_USDC,2026-05-30T22:00:00+00:00,2026-05-30,620.2437,1253655.173751,2021.23
Hyperliquid,ETH,2026-05-30T23:00:00+00:00,2026-05-30,2511.8262,5077907.845919999,2021.6
Orderly,PERP_ETH_USDC,2026-05-30T23:00:00+00:00,2026-05-30,235.8811,476569.456818,2020.38
Hyperliquid,ETH,2026-05-31T00:00:00+00:00,2026-05-31,2934.4077,5945696.88174,2026.2
Orderly,PERP_ETH_USDC,2026-05-31T00:00:00+00:00,2026-05-31,309.0128,625723.1088480001,2024.91
Hyperliquid,ETH,2026-05-31T01:00:00+00:00,2026-05-31,7738.8908,15699113.87688,2028.6
Orderly,PERP_ETH_USDC,2026-05-31T01:00:00+00:00,2026-05-31,284.4778,576744.602164,2027.38
Hyperliquid,ETH,2026-05-31T02:00:00+00:00,2026-05-31,6309.4803,12830328.19005,2033.5
Orderly,PERP_ETH_USDC,2026-05-31T02:00:00+00:00,2026-05-31,187.4051,380880.25118900003,2032.39
Hyperliquid,ETH,2026-05-31T03:00:00+00:00,2026-05-31,2144.6314,4360250.09934,2033.1
Orderly,PERP_ETH_USDC,2026-05-31T03:00:00+00:00,2026-05-31,99.8266,202813.71015600002,2031.66
Hyperliquid,ETH,2026-05-31T04:00:00+00:00,2026-05-31,3161.1312,6428160.2952,2033.5
Orderly,PERP_ETH_USDC,2026-05-31T04:00:00+00:00,2026-05-31,119.3346,242487.9072,2032.0
Hyperliquid,ETH,2026-05-31T05:00:00+00:00,2026-05-31,2405.1462,4881965.75676,2029.8
Orderly,PERP_ETH_USDC,2026-05-31T05:00:00+00:00,2026-05-31,153.657,311647.12740000006,2028.2
Hyperliquid,ETH,2026-05-31T06:00:00+00:00,2026-05-31,2035.8115,4131679.43925,2029.5
Orderly,PERP_ETH_USDC,2026-05-31T06:00:00+00:00,2026-05-31,104.0263,210980.940345,2028.15
Hyperliquid,ETH,2026-05-31T07:00:00+00:00,2026-05-31,5136.8434,10394916.30424,2023.6
Orderly,PERP_ETH_USDC,2026-05-31T07:00:00+00:00,2026-05-31,176.9993,357933.294439,2022.23
Hyperliquid,ETH,2026-05-31T08:00:00+00:00,2026-05-31,7014.2725,14216527.503,2026.8
Orderly,PERP_ETH_USDC,2026-05-31T08:00:00+00:00,2026-05-31,92.6161,187582.79661800002,2025.38
Hyperliquid,ETH,2026-05-31T09:00:00+00:00,2026-05-31,7361.4568,14871615.02736,2020.2
Orderly,PERP_ETH_USDC,2026-05-31T09:00:00+00:00,2026-05-31,91.8694,185495.342928,2019.12
Hyperliquid,ETH,2026-05-31T10:00:00+00:00,2026-05-31,5167.2441,10438866.53082,2020.2
Orderly,PERP_ETH_USDC,2026-05-31T10:00:00+00:00,2026-05-31,233.1932,470800.747276,2018.93
Hyperliquid,ETH,2026-05-31T11:00:00+00:00,2026-05-31,2730.337,5521560.5150999995,2022.3
Orderly,PERP_ETH_USDC,2026-05-31T11:00:00+00:00,2026-05-31,99.8935,201929.715575,2021.45
Hyperliquid,ETH,2026-05-31T12:00:00+00:00,2026-05-31,1521.1553,3075015.43895,2021.5
Orderly,PERP_ETH_USDC,2026-05-31T12:00:00+00:00,2026-05-31,290.3924,586679.76572,2020.3
Hyperliquid,ETH,2026-05-31T13:00:00+00:00,2026-05-31,1834.5082,3704789.3098999998,2019.5
Orderly,PERP_ETH_USDC,2026-05-31T13:00:00+00:00,2026-05-31,157.7301,318332.465121,2018.21
Hyperliquid,ETH,2026-05-31T14:00:00+00:00,2026-05-31,33584.1519,67416826.52406,2007.4
Orderly,PERP_ETH_USDC,2026-05-31T14:00:00+00:00,2026-05-31,369.153,740557.8333,2006.1
Hyperliquid,ETH,2026-05-31T15:00:00+00:00,2026-05-31,21190.9047,42593718.447,2010.0
Orderly,PERP_ETH_USDC,2026-05-31T15:00:00+00:00,2026-05-31,70.2775,141167.117025,2008.71
Hyperliquid,ETH,2026-05-31T16:00:00+00:00,2026-05-31,15438.9421,30902586.50736,2001.6
Orderly,PERP_ETH_USDC,2026-05-31T16:00:00+00:00,2026-05-31,369.4646,739006.787566,2000.21
Hyperliquid,ETH,2026-05-31T17:00:00+00:00,2026-05-31,4711.0476,9446592.64752,2005.2
Orderly,PERP_ETH_USDC,2026-05-31T17:00:00+00:00,2026-05-31,64.1388,128510.42384400002,2003.63
Hyperliquid,ETH,2026-05-31T18:00:00+00:00,2026-05-31,3306.5467,6613754.70934,2000.2
Orderly,PERP_ETH_USDC,2026-05-31T18:00:00+00:00,2026-05-31,15.2485,30475.34713,1998.58
Hyperliquid,ETH,2026-05-31T19:00:00+00:00,2026-05-31,8325.9709,16645281.02328,1999.2
Orderly,PERP_ETH_USDC,2026-05-31T19:00:00+00:00,2026-05-31,29.2472,58428.5938,1997.75
Hyperliquid,ETH,2026-05-31T20:00:00+00:00,2026-05-31,3801.4424,7628354.46408,2006.7
Orderly,PERP_ETH_USDC,2026-05-31T20:00:00+00:00,2026-05-31,112.6973,225977.24504100002,2005.17
Hyperliquid,ETH,2026-05-31T21:00:00+00:00,2026-05-31,8693.2908,17490901.0896,2012.0
Orderly,PERP_ETH_USDC,2026-05-31T21:00:00+00:00,2026-05-31,202.5543,407205.037005,2010.35
Hyperliquid,ETH,2026-05-31T22:00:00+00:00,2026-05-31,12445.3406,25045003.423440002,2012.4
Orderly,PERP_ETH_USDC,2026-05-31T22:00:00+00:00,2026-05-31,185.605,373210.8219,2010.78
Hyperliquid,ETH,2026-05-31T23:00:00+00:00,2026-05-31,31392.0624,62994451.61808,2006.7
Orderly,PERP_ETH_USDC,2026-05-31T23:00:00+00:00,2026-05-31,224.9324,451041.196452,2005.23
Hyperliquid,ETH,2026-06-01T00:00:00+00:00,2026-06-01,31334.9837,63149392.65061,2015.3
Orderly,PERP_ETH_USDC,2026-06-01T00:00:00+00:00,2026-06-01,131.0898,263959.79948399996,2013.58
Hyperliquid,ETH,2026-06-01T01:00:00+00:00,2026-06-01,20552.6806,40984100.384459995,1994.1
Orderly,PERP_ETH_USDC,2026-06-01T01:00:00+00:00,2026-06-01,309.0016,615905.079136,1993.21
Hyperliquid,ETH,2026-06-01T02:00:00+00:00,2026-06-01,14470.1529,29102371.51248,2011.2
Orderly,PERP_ETH_USDC,2026-06-01T02:00:00+00:00,2026-06-01,154.5344,310671.321728,2010.37
Hyperliquid,ETH,2026-06-01T03:00:00+00:00,2026-06-01,6224.6793,12502890.84198,2008.6
Orderly,PERP_ETH_USDC,2026-06-01T03:00:00+00:00,2026-06-01,88.3508,177384.551684,2007.73
Hyperliquid,ETH,2026-06-01T04:00:00+00:00,2026-06-01,16106.2381,32202812.457140002,1999.4
Orderly,PERP_ETH_USDC,2026-06-01T04:00:00+00:00,2026-06-01,271.4878,542465.202936,1998.12
Hyperliquid,ETH,2026-06-01T05:00:00+00:00,2026-06-01,9622.9038,19199617.661760002,1995.2
Orderly,PERP_ETH_USDC,2026-06-01T05:00:00+00:00,2026-06-01,611.7447,1219445.767533,1993.39
Orderly,PERP_ETH_USDC,2026-06-01T06:00:00+00:00,2026-06-01,220.0724,436192.29969599994,1982.04
